student_id,student_name,student_dob,student_email,student_major
20233893,Bùi Văn Trang,2005-06-27,trang.bv233893@sis.hust.edu.vn,IT-E15
20214827,Nguyễn Quang Anh,2003-12-14,anh.nq214827@sis.hust.edu.vn,IT-E7
20249644,Trần Thanh Anh,2006-06-25,anh.tt249644@sis.hust.edu.vn,IT-E10
20248703,Nguyễn Việt Hương,2006-07-12,huong.nv248703@sis.hust.edu.vn,IT-EP
20201186,Đỗ Minh Trang,2002-12-02,trang.dm201186@sis.hust.edu.vn,IT2
20213469,Hồ Xuân Anh,2003-01-21,anh.hx213469@sis.hust.edu.vn,IT-EP
20212120,Đặng Anh Hương,2003-12-20,huong.da212120@sis.hust.edu.vn,IT1
20212853,Phạm Quang Anh,2003-01-22,anh.pq212853@sis.hust.edu.vn,IT-E6
20218878,Đỗ Việt Dũng,2003-05-22,dung.dv218878@sis.hust.edu.vn,IT1
20213503,Đặng Anh Anh,2003-10-16,anh.da213503@sis.hust.edu.vn,IT2
20227376,Bùi Quang Hương,2004-11-19,huong.bq227376@sis.hust.edu.vn,IT-E7
20223016,Nguyễn Minh Hương,2004-09-08,huong.nm223016@sis.hust.edu.vn,IT1
20232556,Hồ Minh Tú,2005-08-08,tu.hm232556@sis.hust.edu.vn,IT-EP
20216828,Trần Minh Hương,2003-09-15,huong.tm216828@sis.hust.edu.vn,IT-EP
20236528,Hoàng Thị Dũng,2005-03-14,dung.ht236528@sis.hust.edu.vn,IT-E6
20211995,Đỗ Minh Anh,2003-11-05,anh.dm211995@sis.hust.edu.vn,IT-E15
20239249,Hồ Ngọc Nam,2005-11-20,nam.hn239249@sis.hust.edu.vn,IT-E15
20206879,Vũ Minh Nam,2002-08-25,nam.vm206879@sis.hust.edu.vn,IT1
20211566,Lê Thị Thảo,2003-02-19,thao.lt211566@sis.hust.edu.vn,IT-E15
20225621,Hồ Thanh Tú,2004-11-10,tu.ht225621@sis.hust.edu.vn,IT-EP
20201141,Lê Việt Nam,2002-02-23,nam.lv201141@sis.hust.edu.vn,IT2
20237440,Nguyễn Minh Hương,2005-07-07,huong.nm237440@sis.hust.edu.vn,IT-E15
20247071,Bùi Việt Nam,2006-09-03,nam.bv247071@sis.hust.edu.vn,IT-E10
20238807,Nguyễn Anh Sơn,2005-07-15,son.na238807@sis.hust.edu.vn,IT-E7
20207443,Nguyễn Minh Tú,2002-04-06,tu.nm207443@sis.hust.edu.vn,IT-E7
20201738,Trần Văn Hương,2002-10-20,huong.tv201738@sis.hust.edu.vn,IT1
20243300,Vũ Huy Nam,2006-03-12,nam.vh243300@sis.hust.edu.vn,IT-E7
20234584,Đặng Thanh Trang,2005-11-02,trang.dt234584@sis.hust.edu.vn,IT-EP
20236758,Đỗ Thị Huy,2005-05-20,huy.dt236758@sis.hust.edu.vn,IT-E15
20221618,Nguyễn Ngọc Hương,2004-09-15,huong.nn221618@sis.hust.edu.vn,IT-E7
20232948,Lê Anh Thảo,2005-10-16,thao.la232948@sis.hust.edu.vn,IT2
20224522,Đỗ Việt Trang,2004-06-02,trang.dv224522@sis.hust.edu.vn,IT-E10
20248896,Đặng Thanh Huy,2006-03-07,huy.dt248896@sis.hust.edu.vn,IT-E7
20208185,Trần Anh Hương,2002-12-12,huong.ta208185@sis.hust.edu.vn,IT-E6
20245226,Bùi Thanh Anh,2006-01-15,anh.bt245226@sis.hust.edu.vn,IT-E6
20241349,Hoàng Việt Huy,2006-08-14,huy.hv241349@sis.hust.edu.vn,IT-EP
20235389,Bùi Văn Tú,2005-07-17,tu.bv235389@sis.hust.edu.vn,IT1
20213675,Đặng Văn Huy,2003-10-03,huy.dv213675@sis.hust.edu.vn,IT2
20219727,Trần Anh Hương,2003-01-03,huong.ta219727@sis.hust.edu.vn,IT2
20204101,Phạm Xuân Hương,2002-12-27,huong.px204101@sis.hust.edu.vn,IT1
20241702,Lê Anh Huy,2006-06-26,huy.la241702@sis.hust.edu.vn,IT-E7
20208407,Phạm Minh Tú,2002-08-01,tu.pm208407@sis.hust.edu.vn,IT-EP
20223932,Hoàng Ngọc Dũng,2004-05-05,dung.hn223932@sis.hust.edu.vn,IT-E7
20227852,Bùi Anh Trang,2004-04-05,trang.ba227852@sis.hust.edu.vn,IT-E7
20225207,Hoàng Ngọc Tú,2004-04-24,tu.hn225207@sis.hust.edu.vn,IT1
20238986,Vũ Ngọc Sơn,2005-11-22,son.vn238986@sis.hust.edu.vn,IT2
20229930,Đặng Văn Anh,2004-11-10,anh.dv229930@sis.hust.edu.vn,IT-EP
20215232,Hoàng Ngọc Dũng,2003-06-07,dung.hn215232@sis.hust.edu.vn,IT-E6
20235006,Lê Huy Huy,2005-06-11,huy.lh235006@sis.hust.edu.vn,IT-EP
20232495,Vũ Thanh Trang,2005-04-12,trang.vt232495@sis.hust.edu.vn,IT-E7
20236986,Bùi Thanh Thảo,2005-03-28,thao.bt236986@sis.hust.edu.vn,IT-E6
20232419,Đỗ Anh Thảo,2005-02-13,thao.da232419@sis.hust.edu.vn,IT-E7
20248581,Trần Văn Huy,2006-03-09,huy.tv248581@sis.hust.edu.vn,IT-EP
20224924,Nguyễn Văn Huy,2004-11-08,huy.nv224924@sis.hust.edu.vn,IT-EP
20234333,Phạm Xuân Huy,2005-04-03,huy.px234333@sis.hust.edu.vn,IT2
20228291,Nguyễn Minh Dũng,2004-03-15,dung.nm228291@sis.hust.edu.vn,IT-E15
20237620,Nguyễn Minh Nam,2005-06-25,nam.nm237620@sis.hust.edu.vn,IT1
20217022,Đặng Thanh Sơn,2003-03-15,son.dt217022@sis.hust.edu.vn,IT-E6
20207853,Nguyễn Quang Trang,2002-03-21,trang.nq207853@sis.hust.edu.vn,IT2
20231220,Hồ Huy Anh,2005-03-13,anh.hh231220@sis.hust.edu.vn,IT-E10
20214058,Bùi Thanh Nam,2003-03-08,nam.bt214058@sis.hust.edu.vn,IT1
20211044,Đỗ Thị Hương,2003-07-12,huong.dt211044@sis.hust.edu.vn,IT-E7
20207662,Hoàng Anh Dũng,2002-02-26,dung.ha207662@sis.hust.edu.vn,IT-EP
20246856,Phạm Minh Linh,2006-01-10,linh.pm246856@sis.hust.edu.vn,IT2
20243316,Phạm Minh Huy,2006-10-20,huy.pm243316@sis.hust.edu.vn,IT2
20243662,Trần Quang Tú,2006-05-07,tu.tq243662@sis.hust.edu.vn,IT1
20242217,Trần Thị Anh,2006-06-08,anh.tt242217@sis.hust.edu.vn,IT2
20219275,Phạm Thanh Linh,2003-06-19,linh.pt219275@sis.hust.edu.vn,IT2
20226323,Hoàng Việt Tú,2004-08-14,tu.hv226323@sis.hust.edu.vn,IT-E10
20243733,Trần Việt Sơn,2006-06-01,son.tv243733@sis.hust.edu.vn,IT-E15
20223855,Hồ Quang Tú,2004-09-08,tu.hq223855@sis.hust.edu.vn,IT-E15
20204629,Nguyễn Xuân Dũng,2002-02-28,dung.nx204629@sis.hust.edu.vn,IT1
20224560,Đỗ Huy Nam,2004-05-10,nam.dh224560@sis.hust.edu.vn,IT-E6
20201871,Phạm Quang Anh,2002-07-25,anh.pq201871@sis.hust.edu.vn,IT-E7
20205170,Hồ Thị Huy,2002-12-04,huy.ht205170@sis.hust.edu.vn,IT-E7
20234432,Đỗ Việt Linh,2005-09-17,linh.dv234432@sis.hust.edu.vn,IT-EP
20223293,Hoàng Việt Hương,2004-12-26,huong.hv223293@sis.hust.edu.vn,IT1
20213695,Phạm Quang Huy,2003-11-05,huy.pq213695@sis.hust.edu.vn,IT-EP
20231370,Bùi Ngọc Linh,2005-08-06,linh.bn231370@sis.hust.edu.vn,IT-EP
20241144,Phạm Văn Hương,2006-03-18,huong.pv241144@sis.hust.edu.vn,IT-E7
20203296,Trần Minh Linh,2002-05-14,linh.tm203296@sis.hust.edu.vn,IT1
20201831,Nguyễn Huy Thảo,2002-09-19,thao.nh201831@sis.hust.edu.vn,IT2
20218698,Vũ Huy Linh,2003-04-27,linh.vh218698@sis.hust.edu.vn,IT1
20225973,Hoàng Quang Nam,2004-12-18,nam.hq225973@sis.hust.edu.vn,IT1
20239563,Nguyễn Việt Linh,2005-12-26,linh.nv239563@sis.hust.edu.vn,IT-EP
20229901,Lê Quang Thảo,2004-09-04,thao.lq229901@sis.hust.edu.vn,IT-E15
20211667,Nguyễn Ngọc Sơn,2003-09-23,son.nn211667@sis.hust.edu.vn,IT2
20246905,Phạm Việt Dũng,2006-03-06,dung.pv246905@sis.hust.edu.vn,IT-E10
20245752,Hoàng Văn Tú,2006-06-19,tu.hv245752@sis.hust.edu.vn,IT1
20229610,Phạm Huy Linh,2004-08-18,linh.ph229610@sis.hust.edu.vn,IT1
20215013,Hồ Xuân Sơn,2003-07-13,son.hx215013@sis.hust.edu.vn,IT-E15
20236409,Đỗ Quang Linh,2005-02-22,linh.dq236409@sis.hust.edu.vn,IT-E7
20207767,Bùi Thanh Linh,2002-08-04,linh.bt207767@sis.hust.edu.vn,IT-E15
20201637,Vũ Văn Tú,2002-06-25,tu.vv201637@sis.hust.edu.vn,IT-E7
20231422,Lê Huy Trang,2005-01-24,trang.lh231422@sis.hust.edu.vn,IT-E10
20232743,Vũ Thị Tú,2005-03-23,tu.vt232743@sis.hust.edu.vn,IT-E7
20215615,Bùi Quang Nam,2003-07-25,nam.bq215615@sis.hust.edu.vn,IT-EP
20207574,Lê Huy Thảo,2002-04-02,thao.lh207574@sis.hust.edu.vn,IT1
20207706,Nguyễn Anh Sơn,2002-08-18,son.na207706@sis.hust.edu.vn,IT-E10
20238351,Bùi Anh Sơn,2005-09-22,son.ba238351@sis.hust.edu.vn,IT-E15
20237081,Phạm Anh Dũng,2005-06-06,dung.pa237081@sis.hust.edu.vn,IT-E6
20226677,Lê Quang Sơn,2004-03-18,son.lq226677@sis.hust.edu.vn,IT1
20226057,Trần Minh Thảo,2004-07-14,thao.tm226057@sis.hust.edu.vn,IT-EP
20217824,Đặng Thị Sơn,2003-06-16,son.dt217824@sis.hust.edu.vn,IT-E7
20207186,Phạm Thanh Anh,2002-11-01,anh.pt207186@sis.hust.edu.vn,IT-E15
20206747,Lê Văn Hương,2002-09-13,huong.lv206747@sis.hust.edu.vn,IT-E6
20223182,Hồ Minh Trang,2004-05-24,trang.hm223182@sis.hust.edu.vn,IT-E7
20243780,Hoàng Huy Thảo,2006-02-21,thao.hh243780@sis.hust.edu.vn,IT-EP
20223729,Hoàng Ngọc Sơn,2004-06-19,son.hn223729@sis.hust.edu.vn,IT-E7
20225224,Hồ Ngọc Tú,2004-10-26,tu.hn225224@sis.hust.edu.vn,IT-E10
20206043,Bùi Việt Hương,2002-09-10,huong.bv206043@sis.hust.edu.vn,IT-E10
20244600,Đỗ Ngọc Sơn,2006-07-21,son.dn244600@sis.hust.edu.vn,IT-E15
20203489,Bùi Thị Hương,2002-05-05,huong.bt203489@sis.hust.edu.vn,IT2
20223247,Nguyễn Văn Nam,2004-10-23,nam.nv223247@sis.hust.edu.vn,IT-E10
20237178,Lê Văn Huy,2005-04-21,huy.lv237178@sis.hust.edu.vn,IT1
20215082,Lê Huy Sơn,2003-01-11,son.lh215082@sis.hust.edu.vn,IT1
20243323,Trần Việt Trang,2006-03-21,trang.tv243323@sis.hust.edu.vn,IT-EP
20212813,Nguyễn Anh Dũng,2003-06-05,dung.na212813@sis.hust.edu.vn,IT-E6
20227909,Đặng Thanh Dũng,2004-01-11,dung.dt227909@sis.hust.edu.vn,IT1
20218209,Nguyễn Xuân Hương,2003-03-26,huong.nx218209@sis.hust.edu.vn,IT-E7
20225276,Trần Văn Linh,2004-01-05,linh.tv225276@sis.hust.edu.vn,IT-E10
20243246,Đỗ Minh Nam,2006-09-16,nam.dm243246@sis.hust.edu.vn,IT-EP
20249118,Trần Việt Hương,2006-06-03,huong.tv249118@sis.hust.edu.vn,IT-E6
20216728,Phạm Xuân Nam,2003-06-02,nam.px216728@sis.hust.edu.vn,IT-EP
20244393,Phạm Xuân Trang,2006-10-16,trang.px244393@sis.hust.edu.vn,IT2
20207069,Đỗ Huy Tú,2002-11-03,tu.dh207069@sis.hust.edu.vn,IT-E10
20249298,Đỗ Ngọc Huy,2006-09-03,huy.dn249298@sis.hust.edu.vn,IT-E7
20213305,Hoàng Ngọc Nam,2003-09-04,nam.hn213305@sis.hust.edu.vn,IT-E10
20246902,Bùi Xuân Trang,2006-04-02,trang.bx246902@sis.hust.edu.vn,IT-E10
20212967,Hoàng Minh Linh,2003-11-03,linh.hm212967@sis.hust.edu.vn,IT-EP
20239786,Phạm Minh Anh,2005-02-15,anh.pm239786@sis.hust.edu.vn,IT-E10
20213600,Đỗ Minh Trang,2003-09-10,trang.dm213600@sis.hust.edu.vn,IT-E7
20209551,Hồ Ngọc Nam,2002-10-24,nam.hn209551@sis.hust.edu.vn,IT-E6
20228910,Đỗ Quang Tú,2004-04-17,tu.dq228910@sis.hust.edu.vn,IT1
20216369,Phạm Quang Thảo,2003-03-23,thao.pq216369@sis.hust.edu.vn,IT-E10
20233205,Phạm Thanh Trang,2005-04-20,trang.pt233205@sis.hust.edu.vn,IT-E15
20219244,Hồ Việt Thảo,2003-06-22,thao.hv219244@sis.hust.edu.vn,IT-E10
20214046,Bùi Thanh Hương,2003-09-27,huong.bt214046@sis.hust.edu.vn,IT-EP
20211330,Phạm Anh Thảo,2003-09-27,thao.pa211330@sis.hust.edu.vn,IT-E15
20225080,Bùi Anh Thảo,2004-06-10,thao.ba225080@sis.hust.edu.vn,IT-E15
20242499,Hồ Ngọc Nam,2006-11-06,nam.hn242499@sis.hust.edu.vn,IT-E6
20233354,Vũ Quang Huy,2005-08-27,huy.vq233354@sis.hust.edu.vn,IT-E6
20203933,Nguyễn Anh Trang,2002-07-27,trang.na203933@sis.hust.edu.vn,IT2
20235489,Hoàng Huy Sơn,2005-09-01,son.hh235489@sis.hust.edu.vn,IT1
20201769,Hồ Việt Huy,2002-12-02,huy.hv201769@sis.hust.edu.vn,IT-E10
20213602,Vũ Huy Trang,2003-03-09,trang.vh213602@sis.hust.edu.vn,IT2
20202628,Trần Quang Sơn,2002-04-04,son.tq202628@sis.hust.edu.vn,IT-E6
20241527,Nguyễn Quang Trang,2006-02-27,trang.nq241527@sis.hust.edu.vn,IT2
20232830,Phạm Thanh Tú,2005-08-10,tu.pt232830@sis.hust.edu.vn,IT1
20232886,Đỗ Việt Anh,2005-12-07,anh.dv232886@sis.hust.edu.vn,IT-E10
20206499,Vũ Việt Linh,2002-04-17,linh.vv206499@sis.hust.edu.vn,IT-E15
20224070,Hoàng Văn Hương,2004-03-22,huong.hv224070@sis.hust.edu.vn,IT-E10
20239976,Hoàng Thị Linh,2005-08-07,linh.ht239976@sis.hust.edu.vn,IT-E6
20218487,Lê Xuân Dũng,2003-08-10,dung.lx218487@sis.hust.edu.vn,IT1
20202708,Lê Thanh Hương,2002-10-17,huong.lt202708@sis.hust.edu.vn,IT2
20232286,Đặng Quang Huy,2005-06-03,huy.dq232286@sis.hust.edu.vn,IT2
20239977,Lê Huy Huy,2005-10-15,huy.lh239977@sis.hust.edu.vn,IT-E15
20214231,Bùi Việt Huy,2003-01-02,huy.bv214231@sis.hust.edu.vn,IT-E10
20203172,Nguyễn Việt Thảo,2002-03-02,thao.nv203172@sis.hust.edu.vn,IT1
20231935,Đỗ Thanh Hương,2005-10-05,huong.dt231935@sis.hust.edu.vn,IT2
20237082,Bùi Minh Trang,2005-04-21,trang.bm237082@sis.hust.edu.vn,IT2
20213228,Đỗ Văn Linh,2003-04-23,linh.dv213228@sis.hust.edu.vn,IT-E7
20227378,Hoàng Huy Hương,2004-03-27,huong.hh227378@sis.hust.edu.vn,IT-E6
20205418,Đặng Thanh Sơn,2002-12-21,son.dt205418@sis.hust.edu.vn,IT1
20215281,Vũ Văn Huy,2003-06-13,huy.vv215281@sis.hust.edu.vn,IT-E10
20236797,Vũ Minh Huy,2005-05-21,huy.vm236797@sis.hust.edu.vn,IT-E6
20227134,Vũ Việt Nam,2004-11-19,nam.vv227134@sis.hust.edu.vn,IT-E6
20201152,Lê Ngọc Nam,2002-05-27,nam.ln201152@sis.hust.edu.vn,IT-E15
20237581,Đỗ Quang Anh,2005-12-22,anh.dq237581@sis.hust.edu.vn,IT1
20229408,Hồ Thị Tú,2004-07-06,tu.ht229408@sis.hust.edu.vn,IT-E10
20211996,Trần Thị Trang,2003-09-18,trang.tt211996@sis.hust.edu.vn,IT1
20247251,Vũ Huy Nam,2006-08-11,nam.vh247251@sis.hust.edu.vn,IT2
20221233,Bùi Anh Tú,2004-02-13,tu.ba221233@sis.hust.edu.vn,IT-E15
20235595,Lê Thị Huy,2005-02-18,huy.lt235595@sis.hust.edu.vn,IT-E15
20232968,Trần Ngọc Dũng,2005-11-17,dung.tn232968@sis.hust.edu.vn,IT-EP
20225112,Trần Xuân Trang,2004-03-11,trang.tx225112@sis.hust.edu.vn,IT-E10
20229502,Lê Thị Sơn,2004-09-17,son.lt229502@sis.hust.edu.vn,IT2
20248387,Đỗ Ngọc Tú,2006-05-15,tu.dn248387@sis.hust.edu.vn,IT-E7
20242664,Phạm Thanh Linh,2006-02-22,linh.pt242664@sis.hust.edu.vn,IT1
20245812,Đỗ Minh Linh,2006-04-01,linh.dm245812@sis.hust.edu.vn,IT1
20206167,Trần Thanh Trang,2002-08-12,trang.tt206167@sis.hust.edu.vn,IT-EP
20214485,Nguyễn Thị Trang,2003-04-26,trang.nt214485@sis.hust.edu.vn,IT-EP
20222527,Bùi Thị Nam,2004-08-06,nam.bt222527@sis.hust.edu.vn,IT-E7
20246050,Phạm Việt Dũng,2006-12-08,dung.pv246050@sis.hust.edu.vn,IT-E7
20236290,Vũ Việt Thảo,2005-07-11,thao.vv236290@sis.hust.edu.vn,IT-E15
20213172,Đặng Huy Huy,2003-04-14,huy.dh213172@sis.hust.edu.vn,IT-E6
20229278,Hoàng Thanh Trang,2004-05-22,trang.ht229278@sis.hust.edu.vn,IT1
20236006,Đặng Ngọc Hương,2005-07-10,huong.dn236006@sis.hust.edu.vn,IT-E10
20231555,Nguyễn Thị Trang,2005-07-14,trang.nt231555@sis.hust.edu.vn,IT2
20226511,Bùi Thị Linh,2004-12-08,linh.bt226511@sis.hust.edu.vn,IT1
20239366,Nguyễn Thanh Tú,2005-01-04,tu.nt239366@sis.hust.edu.vn,IT-E6
20231704,Hoàng Quang Nam,2005-07-23,nam.hq231704@sis.hust.edu.vn,IT-E6
20221158,Phạm Quang Anh,2004-08-25,anh.pq221158@sis.hust.edu.vn,IT1
20245389,Đỗ Thanh Linh,2006-11-27,linh.dt245389@sis.hust.edu.vn,IT1
20238410,Lê Thị Thảo,2005-10-09,thao.lt238410@sis.hust.edu.vn,IT-E15
20225100,Đỗ Xuân Huy,2004-07-23,huy.dx225100@sis.hust.edu.vn,IT-E15
20243372,Hoàng Minh Trang,2006-03-16,trang.hm243372@sis.hust.edu.vn,IT2
20225010,Hồ Xuân Tú,2004-11-10,tu.hx225010@sis.hust.edu.vn,IT-E6
20231830,Đỗ Văn Thảo,2005-01-08,thao.dv231830@sis.hust.edu.vn,IT-EP
20217564,Phạm Anh Linh,2003-01-10,linh.pa217564@sis.hust.edu.vn,IT-E6
20214718,Hồ Thanh Nam,2003-12-02,nam.ht214718@sis.hust.edu.vn,IT-E15
20243342,Vũ Văn Dũng,2006-06-08,dung.vv243342@sis.hust.edu.vn,IT-E15
20236814,Vũ Việt Huy,2005-07-05,huy.vv236814@sis.hust.edu.vn,IT1
20228086,Phạm Huy Hương,2004-12-06,huong.ph228086@sis.hust.edu.vn,IT-E15
20238731,Lê Quang Tú,2005-03-05,tu.lq238731@sis.hust.edu.vn,IT1
20206589,Hoàng Thanh Trang,2002-03-12,trang.ht206589@sis.hust.edu.vn,IT2
20249678,Vũ Quang Hương,2006-07-23,huong.vq249678@sis.hust.edu.vn,IT-E7
20246463,Lê Văn Trang,2006-01-13,trang.lv246463@sis.hust.edu.vn,IT-EP
20229537,Bùi Anh Trang,2004-05-07,trang.ba229537@sis.hust.edu.vn,IT-E10
20224137,Vũ Huy Hương,2004-07-06,huong.vh224137@sis.hust.edu.vn,IT-E15
20246377,Hồ Thị Nam,2006-02-03,nam.ht246377@sis.hust.edu.vn,IT-E7
20248641,Trần Văn Trang,2006-08-21,trang.tv248641@sis.hust.edu.vn,IT-EP
20223712,Hồ Anh Dũng,2004-11-20,dung.ha223712@sis.hust.edu.vn,IT2
20223962,Bùi Anh Tú,2004-01-25,tu.ba223962@sis.hust.edu.vn,IT-E10
20244562,Đặng Thanh Linh,2006-07-21,linh.dt244562@sis.hust.edu.vn,IT-EP
20227668,Đỗ Quang Huy,2004-06-10,huy.dq227668@sis.hust.edu.vn,IT-EP
20203907,Đặng Ngọc Huy,2002-09-20,huy.dn203907@sis.hust.edu.vn,IT-E15
20244345,Nguyễn Ngọc Thảo,2006-08-22,thao.nn244345@sis.hust.edu.vn,IT-EP
20244270,Hồ Quang Trang,2006-12-07,trang.hq244270@sis.hust.edu.vn,IT-E10
20243827,Lê Thị Dũng,2006-09-15,dung.lt243827@sis.hust.edu.vn,IT2
20228871,Lê Thanh Nam,2004-12-03,nam.lt228871@sis.hust.edu.vn,IT-E10
20231120,Vũ Anh Hương,2005-04-26,huong.va231120@sis.hust.edu.vn,IT-E15
20237401,Đặng Minh Nam,2005-06-15,nam.dm237401@sis.hust.edu.vn,IT-EP
20237289,Hồ Ngọc Trang,2005-10-08,trang.hn237289@sis.hust.edu.vn,IT2
20243524,Nguyễn Văn Tú,2006-06-02,tu.nv243524@sis.hust.edu.vn,IT-E7
20208465,Trần Xuân Dũng,2002-11-21,dung.tx208465@sis.hust.edu.vn,IT-E15
20209034,Hoàng Minh Linh,2002-08-20,linh.hm209034@sis.hust.edu.vn,IT-E10
20228921,Lê Minh Anh,2004-06-02,anh.lm228921@sis.hust.edu.vn,IT-E10
20231353,Hồ Quang Hương,2005-10-28,huong.hq231353@sis.hust.edu.vn,IT2
20213299,Phạm Xuân Thảo,2003-07-26,thao.px213299@sis.hust.edu.vn,IT-EP
20228307,Trần Anh Trang,2004-03-17,trang.ta228307@sis.hust.edu.vn,IT1
20235983,Nguyễn Quang Thảo,2005-10-26,thao.nq235983@sis.hust.edu.vn,IT-EP
20224317,Đặng Anh Huy,2004-09-04,huy.da224317@sis.hust.edu.vn,IT-E7
20213208,Trần Ngọc Thảo,2003-11-22,thao.tn213208@sis.hust.edu.vn,IT-E10
20209013,Lê Thanh Anh,2002-01-18,anh.lt209013@sis.hust.edu.vn,IT1
20227365,Phạm Xuân Dũng,2004-09-05,dung.px227365@sis.hust.edu.vn,IT-EP
20236030,Vũ Thị Sơn,2005-12-13,son.vt236030@sis.hust.edu.vn,IT2
20211491,Nguyễn Huy Hương,2003-06-13,huong.nh211491@sis.hust.edu.vn,IT-E10
20248063,Nguyễn Thị Hương,2006-07-27,huong.nt248063@sis.hust.edu.vn,IT-E6
20211961,Hồ Huy Anh,2003-08-05,anh.hh211961@sis.hust.edu.vn,IT-EP
20247232,Hồ Anh Trang,2006-09-17,trang.ha247232@sis.hust.edu.vn,IT-E15
20228296,Trần Xuân Huy,2004-05-12,huy.tx228296@sis.hust.edu.vn,IT-E6
20239110,Vũ Minh Huy,2005-10-28,huy.vm239110@sis.hust.edu.vn,IT2
20238025,Phạm Quang Sơn,2005-12-19,son.pq238025@sis.hust.edu.vn,IT-E15
20219325,Vũ Quang Hương,2003-02-09,huong.vq219325@sis.hust.edu.vn,IT-E10
20233118,Vũ Văn Thảo,2005-01-04,thao.vv233118@sis.hust.edu.vn,IT-E7
20229172,Đỗ Quang Huy,2004-02-16,huy.dq229172@sis.hust.edu.vn,IT-E10
20222986,Hoàng Minh Thảo,2004-03-20,thao.hm222986@sis.hust.edu.vn,IT1
20207390,Vũ Huy Dũng,2002-08-02,dung.vh207390@sis.hust.edu.vn,IT-E10
20214240,Hoàng Thị Sơn,2003-08-13,son.ht214240@sis.hust.edu.vn,IT2
20205184,Phạm Quang Trang,2002-07-12,trang.pq205184@sis.hust.edu.vn,IT-E7
20213314,Vũ Thanh Thảo,2003-10-28,thao.vt213314@sis.hust.edu.vn,IT-E15
20205752,Phạm Anh Tú,2002-12-23,tu.pa205752@sis.hust.edu.vn,IT-E7
20219467,Lê Quang Linh,2003-06-16,linh.lq219467@sis.hust.edu.vn,IT-E10
20211880,Đỗ Xuân Huy,2003-07-17,huy.dx211880@sis.hust.edu.vn,IT-E6
20249800,Phạm Thị Hương,2006-06-20,huong.pt249800@sis.hust.edu.vn,IT1
20239694,Vũ Thanh Trang,2005-05-17,trang.vt239694@sis.hust.edu.vn,IT-E15
20224664,Nguyễn Việt Huy,2004-10-27,huy.nv224664@sis.hust.edu.vn,IT1
20218219,Đỗ Quang Nam,2003-12-12,nam.dq218219@sis.hust.edu.vn,IT-E10
20246835,Trần Ngọc Hương,2006-08-26,huong.tn246835@sis.hust.edu.vn,IT2
20213071,Nguyễn Xuân Thảo,2003-11-03,thao.nx213071@sis.hust.edu.vn,IT-EP
20204759,Phạm Văn Huy,2002-11-21,huy.pv204759@sis.hust.edu.vn,IT-E15
20223567,Hồ Xuân Sơn,2004-07-25,son.hx223567@sis.hust.edu.vn,IT2
20225939,Hồ Minh Linh,2004-09-06,linh.hm225939@sis.hust.edu.vn,IT-E10
20214269,Đỗ Việt Thảo,2003-03-27,thao.dv214269@sis.hust.edu.vn,IT1
20246389,Vũ Anh Tú,2006-05-17,tu.va246389@sis.hust.edu.vn,IT-E15
20223395,Đỗ Thanh Nam,2004-04-14,nam.dt223395@sis.hust.edu.vn,IT-E6
20239781,Bùi Ngọc Thảo,2005-09-23,thao.bn239781@sis.hust.edu.vn,IT-E15
20202771,Nguyễn Ngọc Huy,2002-10-13,huy.nn202771@sis.hust.edu.vn,IT1
20227010,Đỗ Thanh Huy,2004-03-06,huy.dt227010@sis.hust.edu.vn,IT-EP
20215521,Đỗ Việt Huy,2003-06-10,huy.dv215521@sis.hust.edu.vn,IT-E6
20209323,Lê Việt Tú,2002-01-13,tu.lv209323@sis.hust.edu.vn,IT-EP
20235083,Trần Anh Linh,2005-10-06,linh.ta235083@sis.hust.edu.vn,IT-EP
20246116,Lê Thị Hương,2006-09-07,huong.lt246116@sis.hust.edu.vn,IT-EP
20202702,Vũ Ngọc Thảo,2002-08-18,thao.vn202702@sis.hust.edu.vn,IT-E7
20206450,Bùi Văn Linh,2002-12-19,linh.bv206450@sis.hust.edu.vn,IT-EP
20245823,Hoàng Thanh Thảo,2006-11-26,thao.ht245823@sis.hust.edu.vn,IT-E7
20215499,Vũ Thị Linh,2003-12-17,linh.vt215499@sis.hust.edu.vn,IT-EP
20201923,Trần Ngọc Huy,2002-06-20,huy.tn201923@sis.hust.edu.vn,IT-E10
20244112,Đặng Quang Huy,2006-06-19,huy.dq244112@sis.hust.edu.vn,IT1
20201063,Lê Thanh Trang,2002-05-15,trang.lt201063@sis.hust.edu.vn,IT-E15
20231249,Hoàng Huy Sơn,2005-11-14,son.hh231249@sis.hust.edu.vn,IT1
20239107,Đỗ Anh Thảo,2005-07-16,thao.da239107@sis.hust.edu.vn,IT1
20209481,Đỗ Quang Sơn,2002-02-23,son.dq209481@sis.hust.edu.vn,IT1
20216934,Hồ Thanh Nam,2003-01-17,nam.ht216934@sis.hust.edu.vn,IT1
20246743,Hồ Minh Tú,2006-06-03,tu.hm246743@sis.hust.edu.vn,IT-E10
20201091,Bùi Thanh Linh,2002-08-21,linh.bt201091@sis.hust.edu.vn,IT-E7
20209659,Bùi Việt Sơn,2002-09-02,son.bv209659@sis.hust.edu.vn,IT-E10
20224096,Bùi Việt Tú,2004-10-19,tu.bv224096@sis.hust.edu.vn,IT-E10
20226634,Hoàng Thị Thảo,2004-05-28,thao.ht226634@sis.hust.edu.vn,IT-E7
20208110,Đỗ Việt Trang,2002-04-26,trang.dv208110@sis.hust.edu.vn,IT-E10
20206202,Phạm Việt Linh,2002-08-02,linh.pv206202@sis.hust.edu.vn,IT-E15
20246439,Hoàng Ngọc Anh,2006-02-08,anh.hn246439@sis.hust.edu.vn,IT-EP
20245864,Lê Thanh Thảo,2006-10-15,thao.lt245864@sis.hust.edu.vn,IT-E10
20228150,Hồ Xuân Trang,2004-05-28,trang.hx228150@sis.hust.edu.vn,IT1
20239193,Hồ Ngọc Dũng,2005-02-12,dung.hn239193@sis.hust.edu.vn,IT1
20225203,Đỗ Thanh Sơn,2004-06-03,son.dt225203@sis.hust.edu.vn,IT-E6
20248866,Hoàng Huy Sơn,2006-12-04,son.hh248866@sis.hust.edu.vn,IT-EP
20236287,Nguyễn Văn Thảo,2005-11-20,thao.nv236287@sis.hust.edu.vn,IT2
20242671,Lê Thanh Tú,2006-06-06,tu.lt242671@sis.hust.edu.vn,IT-EP
20229854,Đỗ Ngọc Sơn,2004-11-20,son.dn229854@sis.hust.edu.vn,IT2
20221651,Phạm Minh Linh,2004-04-23,linh.pm221651@sis.hust.edu.vn,IT1
20212793,Đỗ Anh Dũng,2003-09-12,dung.da212793@sis.hust.edu.vn,IT1
20212025,Đặng Anh Nam,2003-01-26,nam.da212025@sis.hust.edu.vn,IT2
20238356,Hoàng Huy Huy,2005-05-03,huy.hh238356@sis.hust.edu.vn,IT2
20215909,Đặng Huy Sơn,2003-10-16,son.dh215909@sis.hust.edu.vn,IT1
20204032,Đặng Văn Tú,2002-01-01,tu.dv204032@sis.hust.edu.vn,IT-E6
20222566,Hồ Xuân Thảo,2004-06-27,thao.hx222566@sis.hust.edu.vn,IT2
20236050,Bùi Ngọc Dũng,2005-06-05,dung.bn236050@sis.hust.edu.vn,IT1
20218456,Trần Huy Linh,2003-08-19,linh.th218456@sis.hust.edu.vn,IT-E10
20235384,Lê Anh Dũng,2005-08-03,dung.la235384@sis.hust.edu.vn,IT-E15
20234574,Phạm Văn Thảo,2005-10-16,thao.pv234574@sis.hust.edu.vn,IT-E7
20218088,Nguyễn Huy Linh,2003-02-27,linh.nh218088@sis.hust.edu.vn,IT1
20247427,Hoàng Huy Nam,2006-05-26,nam.hh247427@sis.hust.edu.vn,IT-E10
20245236,Hồ Văn Huy,2006-05-14,huy.hv245236@sis.hust.edu.vn,IT-E15
20218674,Nguyễn Anh Huy,2003-05-06,huy.na218674@sis.hust.edu.vn,IT-EP
20219358,Bùi Huy Sơn,2003-10-14,son.bh219358@sis.hust.edu.vn,IT2
20248859,Lê Anh Tú,2006-03-11,tu.la248859@sis.hust.edu.vn,IT-E7
20211753,Lê Văn Trang,2003-02-26,trang.lv211753@sis.hust.edu.vn,IT-E6
20228149,Bùi Văn Anh,2004-04-10,anh.bv228149@sis.hust.edu.vn,IT-E6
20216534,Lê Huy Trang,2003-09-12,trang.lh216534@sis.hust.edu.vn,IT-EP
20227049,Lê Quang Huy,2004-04-17,huy.lq227049@sis.hust.edu.vn,IT-E6
20235912,Hồ Xuân Thảo,2005-06-24,thao.hx235912@sis.hust.edu.vn,IT-E7
20233286,Hoàng Thanh Tú,2005-03-18,tu.ht233286@sis.hust.edu.vn,IT1
20215985,Hoàng Xuân Linh,2003-11-21,linh.hx215985@sis.hust.edu.vn,IT2
20233647,Hoàng Việt Huy,2005-03-19,huy.hv233647@sis.hust.edu.vn,IT-E6
20228484,Đặng Ngọc Nam,2004-06-06,nam.dn228484@sis.hust.edu.vn,IT-E6
20234214,Lê Thanh Nam,2005-07-12,nam.lt234214@sis.hust.edu.vn,IT2
20236484,Đặng Minh Thảo,2005-02-26,thao.dm236484@sis.hust.edu.vn,IT1
20211617,Trần Thanh Huy,2003-01-18,huy.tt211617@sis.hust.edu.vn,IT-E6
20248235,Hoàng Thanh Hương,2006-02-01,huong.ht248235@sis.hust.edu.vn,IT-E6
20229844,Đặng Thị Sơn,2004-04-16,son.dt229844@sis.hust.edu.vn,IT2
20201992,Hồ Thị Dũng,2002-09-16,dung.ht201992@sis.hust.edu.vn,IT-E15
20222984,Phạm Việt Hương,2004-05-23,huong.pv222984@sis.hust.edu.vn,IT-EP
20214117,Hoàng Minh Hương,2003-10-05,huong.hm214117@sis.hust.edu.vn,IT2
20244566,Phạm Ngọc Trang,2006-03-26,trang.pn244566@sis.hust.edu.vn,IT-E15
20224461,Hồ Minh Anh,2004-06-02,anh.hm224461@sis.hust.edu.vn,IT-EP
20234677,Phạm Việt Tú,2005-05-12,tu.pv234677@sis.hust.edu.vn,IT2
20229350,Lê Ngọc Hương,2004-11-16,huong.ln229350@sis.hust.edu.vn,IT-E10
20209069,Bùi Thanh Anh,2002-08-06,anh.bt209069@sis.hust.edu.vn,IT-E7
20203823,Hoàng Quang Dũng,2002-06-06,dung.hq203823@sis.hust.edu.vn,IT-E10
20233410,Vũ Huy Dũng,2005-07-21,dung.vh233410@sis.hust.edu.vn,IT1
20208434,Nguyễn Ngọc Nam,2002-06-04,nam.nn208434@sis.hust.edu.vn,IT-E6
20249279,Đặng Thanh Hương,2006-02-24,huong.dt249279@sis.hust.edu.vn,IT-EP
20229931,Phạm Văn Linh,2004-01-09,linh.pv229931@sis.hust.edu.vn,IT-E7
20235138,Nguyễn Minh Tú,2005-07-12,tu.nm235138@sis.hust.edu.vn,IT-E10
20202030,Vũ Văn Nam,2002-06-10,nam.vv202030@sis.hust.edu.vn,IT2
20207754,Lê Việt Linh,2002-11-19,linh.lv207754@sis.hust.edu.vn,IT-E15
20211320,Lê Thanh Thảo,2003-03-13,thao.lt211320@sis.hust.edu.vn,IT1
20221389,Bùi Xuân Thảo,2004-06-06,thao.bx221389@sis.hust.edu.vn,IT-E6
20209583,Trần Quang Dũng,2002-08-24,dung.tq209583@sis.hust.edu.vn,IT-E7
20236426,Phạm Thị Huy,2005-08-08,huy.pt236426@sis.hust.edu.vn,IT1
20216671,Nguyễn Thị Thảo,2003-05-05,thao.nt216671@sis.hust.edu.vn,IT1
20204149,Đỗ Việt Sơn,2002-02-08,son.dv204149@sis.hust.edu.vn,IT-EP
20227469,Hồ Ngọc Hương,2004-11-15,huong.hn227469@sis.hust.edu.vn,IT-E15
20219910,Lê Thị Tú,2003-09-21,tu.lt219910@sis.hust.edu.vn,IT2
20218532,Nguyễn Xuân Huy,2003-04-04,huy.nx218532@sis.hust.edu.vn,IT-E10
20201861,Bùi Minh Sơn,2002-02-27,son.bm201861@sis.hust.edu.vn,IT-E7
20208275,Nguyễn Văn Nam,2002-07-09,nam.nv208275@sis.hust.edu.vn,IT-EP
20218738,Đặng Ngọc Huy,2003-03-03,huy.dn218738@sis.hust.edu.vn,IT-EP
20232765,Đỗ Xuân Tú,2005-03-03,tu.dx232765@sis.hust.edu.vn,IT-E15
20206559,Lê Ngọc Anh,2002-10-25,anh.ln206559@sis.hust.edu.vn,IT-E6
20241182,Trần Minh Linh,2006-10-04,linh.tm241182@sis.hust.edu.vn,IT-E15
20242932,Vũ Anh Dũng,2006-12-25,dung.va242932@sis.hust.edu.vn,IT2
20223767,Hồ Văn Linh,2004-09-25,linh.hv223767@sis.hust.edu.vn,IT1
20226971,Vũ Thanh Thảo,2004-04-03,thao.vt226971@sis.hust.edu.vn,IT1
20243840,Vũ Thanh Tú,2006-08-14,tu.vt243840@sis.hust.edu.vn,IT-E10
20242247,Hồ Huy Linh,2006-07-19,linh.hh242247@sis.hust.edu.vn,IT2
20226547,Trần Xuân Nam,2004-07-11,nam.tx226547@sis.hust.edu.vn,IT-E7
20216549,Đặng Thanh Thảo,2003-03-23,thao.dt216549@sis.hust.edu.vn,IT2
20203179,Bùi Thanh Anh,2002-02-09,anh.bt203179@sis.hust.edu.vn,IT-E6
20229439,Hồ Thanh Thảo,2004-10-18,thao.ht229439@sis.hust.edu.vn,IT-E15
20217668,Phạm Minh Linh,2003-03-05,linh.pm217668@sis.hust.edu.vn,IT-E6
20214805,Lê Việt Tú,2003-11-25,tu.lv214805@sis.hust.edu.vn,IT1
20227258,Đỗ Thị Hương,2004-10-15,huong.dt227258@sis.hust.edu.vn,IT1
20235976,Hoàng Việt Linh,2005-05-04,linh.hv235976@sis.hust.edu.vn,IT-E6
20249219,Đặng Anh Dũng,2006-10-10,dung.da249219@sis.hust.edu.vn,IT-E7
20249194,Đỗ Văn Trang,2006-03-12,trang.dv249194@sis.hust.edu.vn,IT-E7
20231954,Hồ Thị Hương,2005-09-08,huong.ht231954@sis.hust.edu.vn,IT1
20204719,Bùi Thanh Trang,2002-12-07,trang.bt204719@sis.hust.edu.vn,IT1
20226936,Hồ Quang Thảo,2004-01-22,thao.hq226936@sis.hust.edu.vn,IT-E7
20206910,Phạm Ngọc Nam,2002-02-16,nam.pn206910@sis.hust.edu.vn,IT-E15
20203173,Phạm Thị Thảo,2002-04-28,thao.pt203173@sis.hust.edu.vn,IT1
20223205,Hồ Ngọc Hương,2004-11-26,huong.hn223205@sis.hust.edu.vn,IT-E7
20247576,Vũ Quang Thảo,2006-06-16,thao.vq247576@sis.hust.edu.vn,IT-EP
20248577,Đỗ Anh Nam,2006-06-21,nam.da248577@sis.hust.edu.vn,IT-E6
20217994,Đặng Xuân Anh,2003-05-27,anh.dx217994@sis.hust.edu.vn,IT-E7
20236605,Trần Huy Linh,2005-05-11,linh.th236605@sis.hust.edu.vn,IT-E6
20233241,Phạm Minh Trang,2005-10-23,trang.pm233241@sis.hust.edu.vn,IT2
20232903,Lê Anh Anh,2005-08-01,anh.la232903@sis.hust.edu.vn,IT-EP
20229218,Đỗ Việt Sơn,2004-02-10,son.dv229218@sis.hust.edu.vn,IT-EP
20207435,Nguyễn Văn Linh,2002-04-09,linh.nv207435@sis.hust.edu.vn,IT1
20243402,Đặng Việt Dũng,2006-10-13,dung.dv243402@sis.hust.edu.vn,IT2
20206542,Đặng Thanh Thảo,2002-06-27,thao.dt206542@sis.hust.edu.vn,IT-E6
20229126,Đỗ Văn Tú,2004-08-02,tu.dv229126@sis.hust.edu.vn,IT-E6
20212532,Phạm Việt Trang,2003-05-18,trang.pv212532@sis.hust.edu.vn,IT2
20211499,Bùi Quang Dũng,2003-10-13,dung.bq211499@sis.hust.edu.vn,IT-E15
20212939,Hồ Quang Trang,2003-08-10,trang.hq212939@sis.hust.edu.vn,IT2
20236756,Phạm Thị Tú,2005-11-26,tu.pt236756@sis.hust.edu.vn,IT-E7
20243677,Hoàng Huy Dũng,2006-04-09,dung.hh243677@sis.hust.edu.vn,IT-E10
20233968,Nguyễn Anh Anh,2005-08-27,anh.na233968@sis.hust.edu.vn,IT-E6
20226347,Đặng Minh Nam,2004-11-25,nam.dm226347@sis.hust.edu.vn,IT-E15
20205120,Đặng Quang Thảo,2002-04-14,thao.dq205120@sis.hust.edu.vn,IT1
20243560,Vũ Văn Sơn,2006-11-05,son.vv243560@sis.hust.edu.vn,IT1
20234319,Hồ Xuân Huy,2005-03-08,huy.hx234319@sis.hust.edu.vn,IT-E15
20247913,Đặng Thị Nam,2006-01-12,nam.dt247913@sis.hust.edu.vn,IT-E6
20204411,Bùi Ngọc Hương,2002-08-23,huong.bn204411@sis.hust.edu.vn,IT2
20237243,Vũ Văn Dũng,2005-10-21,dung.vv237243@sis.hust.edu.vn,IT-E10
20227483,Hoàng Ngọc Sơn,2004-08-18,son.hn227483@sis.hust.edu.vn,IT-E6
20234526,Bùi Việt Dũng,2005-11-18,dung.bv234526@sis.hust.edu.vn,IT-E6
20205936,Vũ Thị Thảo,2002-07-22,thao.vt205936@sis.hust.edu.vn,IT-E15
20218925,Hoàng Huy Linh,2003-06-06,linh.hh218925@sis.hust.edu.vn,IT-EP
20219981,Đặng Thanh Sơn,2003-09-20,son.dt219981@sis.hust.edu.vn,IT-EP
20207950,Đỗ Thanh Trang,2002-10-11,trang.dt207950@sis.hust.edu.vn,IT2
20209375,Bùi Xuân Tú,2002-10-18,tu.bx209375@sis.hust.edu.vn,IT-E10
20246324,Lê Ngọc Trang,2006-01-18,trang.ln246324@sis.hust.edu.vn,IT-E10
20202588,Đỗ Thanh Trang,2002-02-05,trang.dt202588@sis.hust.edu.vn,IT-E6
20244497,Vũ Thanh Tú,2006-08-08,tu.vt244497@sis.hust.edu.vn,IT-E10
20241254,Lê Quang Anh,2006-10-23,anh.lq241254@sis.hust.edu.vn,IT-E10
20218064,Nguyễn Xuân Huy,2003-10-02,huy.nx218064@sis.hust.edu.vn,IT1
20206239,Bùi Quang Sơn,2002-04-16,son.bq206239@sis.hust.edu.vn,IT-E7
20228158,Bùi Văn Trang,2004-11-19,trang.bv228158@sis.hust.edu.vn,IT2
20244682,Phạm Văn Huy,2006-10-13,huy.pv244682@sis.hust.edu.vn,IT-E10
20217320,Lê Anh Tú,2003-03-08,tu.la217320@sis.hust.edu.vn,IT-E7
20231706,Nguyễn Văn Anh,2005-05-07,anh.nv231706@sis.hust.edu.vn,IT-E15
20246822,Hồ Minh Linh,2006-05-26,linh.hm246822@sis.hust.edu.vn,IT1
20207025,Hoàng Ngọc Sơn,2002-03-21,son.hn207025@sis.hust.edu.vn,IT1
20243614,Hồ Xuân Dũng,2006-06-10,dung.hx243614@sis.hust.edu.vn,IT1
20235473,Nguyễn Anh Dũng,2005-02-06,dung.na235473@sis.hust.edu.vn,IT-E7
20227816,Nguyễn Ngọc Nam,2004-12-28,nam.nn227816@sis.hust.edu.vn,IT-EP
20224811,Bùi Minh Hương,2004-11-16,huong.bm224811@sis.hust.edu.vn,IT-EP
20229351,Đặng Thị Hương,2004-12-16,huong.dt229351@sis.hust.edu.vn,IT-E10
20238371,Vũ Văn Sơn,2005-06-01,son.vv238371@sis.hust.edu.vn,IT-E15
20225243,Phạm Quang Nam,2004-10-02,nam.pq225243@sis.hust.edu.vn,IT1
20242765,Hoàng Xuân Dũng,2006-07-25,dung.hx242765@sis.hust.edu.vn,IT-E6
20213168,Vũ Quang Tú,2003-06-15,tu.vq213168@sis.hust.edu.vn,IT2
20208427,Trần Thị Thảo,2002-07-17,thao.tt208427@sis.hust.edu.vn,IT2
20228993,Nguyễn Quang Linh,2004-07-12,linh.nq228993@sis.hust.edu.vn,IT-E10
20205150,Đỗ Quang Trang,2002-08-19,trang.dq205150@sis.hust.edu.vn,IT2
20226025,Bùi Việt Trang,2004-06-10,trang.bv226025@sis.hust.edu.vn,IT1
20227260,Trần Thị Sơn,2004-07-16,son.tt227260@sis.hust.edu.vn,IT-E7
20216950,Đỗ Thị Dũng,2003-03-11,dung.dt216950@sis.hust.edu.vn,IT-EP
20219104,Nguyễn Thanh Huy,2003-11-11,huy.nt219104@sis.hust.edu.vn,IT1
20224334,Lê Việt Tú,2004-02-19,tu.lv224334@sis.hust.edu.vn,IT-E10
20232366,Trần Minh Dũng,2005-07-16,dung.tm232366@sis.hust.edu.vn,IT-E15
20243141,Bùi Anh Tú,2006-06-05,tu.ba243141@sis.hust.edu.vn,IT-E15
20203486,Đặng Thanh Linh,2002-04-04,linh.dt203486@sis.hust.edu.vn,IT-E7
20223829,Nguyễn Huy Huy,2004-06-10,huy.nh223829@sis.hust.edu.vn,IT1
20246047,Đỗ Xuân Huy,2006-09-14,huy.dx246047@sis.hust.edu.vn,IT-E10
20222383,Lê Ngọc Sơn,2004-08-15,son.ln222383@sis.hust.edu.vn,IT-E10
20235691,Hoàng Việt Dũng,2005-06-18,dung.hv235691@sis.hust.edu.vn,IT-E6
20248120,Hoàng Xuân Anh,2006-04-02,anh.hx248120@sis.hust.edu.vn,IT2
20244302,Hoàng Thanh Nam,2006-05-14,nam.ht244302@sis.hust.edu.vn,IT-E6
20209991,Trần Ngọc Dũng,2002-09-18,dung.tn209991@sis.hust.edu.vn,IT-E6
20247833,Trần Xuân Trang,2006-09-15,trang.tx247833@sis.hust.edu.vn,IT-E10
20213401,Đỗ Anh Hương,2003-12-12,huong.da213401@sis.hust.edu.vn,IT2
20233813,Hoàng Minh Huy,2005-01-06,huy.hm233813@sis.hust.edu.vn,IT-E10
20215142,Vũ Quang Linh,2003-12-04,linh.vq215142@sis.hust.edu.vn,IT-E15
20241444,Bùi Minh Anh,2006-03-08,anh.bm241444@sis.hust.edu.vn,IT-E15
20227104,Hồ Việt Linh,2004-09-09,linh.hv227104@sis.hust.edu.vn,IT-E10
20246257,Hoàng Thị Sơn,2006-05-10,son.ht246257@sis.hust.edu.vn,IT2
20221601,Đặng Anh Trang,2004-07-04,trang.da221601@sis.hust.edu.vn,IT-EP
20238709,Lê Thị Sơn,2005-10-01,son.lt238709@sis.hust.edu.vn,IT1
20223289,Hồ Thị Nam,2004-09-27,nam.ht223289@sis.hust.edu.vn,IT-E15
20216782,Hoàng Anh Huy,2003-07-19,huy.ha216782@sis.hust.edu.vn,IT-E15
20232538,Trần Văn Thảo,2005-10-16,thao.tv232538@sis.hust.edu.vn,IT-E7
20229291,Phạm Quang Dũng,2004-07-14,dung.pq229291@sis.hust.edu.vn,IT-E10
20216291,Đặng Anh Thảo,2003-03-23,thao.da216291@sis.hust.edu.vn,IT-E15
20237616,Vũ Thanh Dũng,2005-06-21,dung.vt237616@sis.hust.edu.vn,IT-E6
20237033,Đỗ Anh Sơn,2005-07-01,son.da237033@sis.hust.edu.vn,IT-E15
20237136,Vũ Quang Dũng,2005-07-24,dung.vq237136@sis.hust.edu.vn,IT1
20214326,Vũ Việt Hương,2003-06-17,huong.vv214326@sis.hust.edu.vn,IT-E6
20223165,Phạm Ngọc Linh,2004-06-19,linh.pn223165@sis.hust.edu.vn,IT-E7
20247799,Bùi Xuân Dũng,2006-11-13,dung.bx247799@sis.hust.edu.vn,IT1
20228766,Bùi Xuân Tú,2004-01-15,tu.bx228766@sis.hust.edu.vn,IT-EP
20212422,Trần Anh Tú,2003-12-07,tu.ta212422@sis.hust.edu.vn,IT-EP
20223539,Lê Anh Dũng,2004-12-07,dung.la223539@sis.hust.edu.vn,IT-EP
20201585,Nguyễn Văn Sơn,2002-06-16,son.nv201585@sis.hust.edu.vn,IT-EP
20225499,Bùi Xuân Huy,2004-07-06,huy.bx225499@sis.hust.edu.vn,IT1
20202302,Phạm Minh Tú,2002-10-14,tu.pm202302@sis.hust.edu.vn,IT-E6
20239469,Bùi Anh Anh,2005-01-17,anh.ba239469@sis.hust.edu.vn,IT-EP
20233234,Hồ Văn Sơn,2005-01-27,son.hv233234@sis.hust.edu.vn,IT2
20244123,Lê Huy Trang,2006-01-15,trang.lh244123@sis.hust.edu.vn,IT-E10
20221818,Hoàng Huy Dũng,2004-04-10,dung.hh221818@sis.hust.edu.vn,IT2
20203941,Trần Việt Dũng,2002-07-12,dung.tv203941@sis.hust.edu.vn,IT-E6
20206523,Nguyễn Thị Tú,2002-09-02,tu.nt206523@sis.hust.edu.vn,IT-EP
20221269,Lê Anh Sơn,2004-01-17,son.la221269@sis.hust.edu.vn,IT-E6
20205929,Vũ Quang Nam,2002-08-22,nam.vq205929@sis.hust.edu.vn,IT-E6
20247896,Nguyễn Huy Thảo,2006-01-25,thao.nh247896@sis.hust.edu.vn,IT1
20211484,Vũ Thanh Hương,2003-03-20,huong.vt211484@sis.hust.edu.vn,IT2
20206046,Hồ Xuân Hương,2002-10-10,huong.hx206046@sis.hust.edu.vn,IT-EP
20227738,Phạm Ngọc Sơn,2004-01-25,son.pn227738@sis.hust.edu.vn,IT-EP
20228330,Lê Huy Huy,2004-11-10,huy.lh228330@sis.hust.edu.vn,IT-E10
20216663,Bùi Quang Dũng,2003-08-10,dung.bq216663@sis.hust.edu.vn,IT-E7
20218990,Đặng Thanh Sơn,2003-10-06,son.dt218990@sis.hust.edu.vn,IT2
20243990,Hồ Thanh Hương,2006-11-21,huong.ht243990@sis.hust.edu.vn,IT2
20219541,Bùi Minh Tú,2003-03-28,tu.bm219541@sis.hust.edu.vn,IT-E15
20238450,Lê Quang Tú,2005-06-15,tu.lq238450@sis.hust.edu.vn,IT-E6
20229234,Vũ Văn Dũng,2004-09-19,dung.vv229234@sis.hust.edu.vn,IT-E10
20246944,Phạm Thanh Hương,2006-10-24,huong.pt246944@sis.hust.edu.vn,IT-E6
20218829,Đỗ Quang Hương,2003-09-22,huong.dq218829@sis.hust.edu.vn,IT-EP
20206699,Hoàng Anh Tú,2002-12-22,tu.ha206699@sis.hust.edu.vn,IT-E6
20237491,Hồ Xuân Sơn,2005-02-07,son.hx237491@sis.hust.edu.vn,IT2
20218697,Lê Quang Huy,2003-01-12,huy.lq218697@sis.hust.edu.vn,IT-E10
20216600,Nguyễn Văn Dũng,2003-06-03,dung.nv216600@sis.hust.edu.vn,IT-E6
20204070,Trần Quang Sơn,2002-08-17,son.tq204070@sis.hust.edu.vn,IT2
20203122,Nguyễn Thị Tú,2002-12-08,tu.nt203122@sis.hust.edu.vn,IT-E10
20214990,Nguyễn Xuân Dũng,2003-06-14,dung.nx214990@sis.hust.edu.vn,IT-EP
20237556,Vũ Thị Thảo,2005-05-13,thao.vt237556@sis.hust.edu.vn,IT-E10
20201017,Vũ Văn Hương,2002-01-19,huong.vv201017@sis.hust.edu.vn,IT-E15
20249382,Lê Văn Sơn,2006-02-18,son.lv249382@sis.hust.edu.vn,IT-E15
20221062,Đỗ Ngọc Nam,2004-12-23,nam.dn221062@sis.hust.edu.vn,IT-E15
20209063,Nguyễn Ngọc Sơn,2002-03-03,son.nn209063@sis.hust.edu.vn,IT-E10
20204058,Đỗ Anh Thảo,2002-03-14,thao.da204058@sis.hust.edu.vn,IT-E6
20208840,Đỗ Văn Dũng,2002-12-27,dung.dv208840@sis.hust.edu.vn,IT2
20215653,Nguyễn Minh Tú,2003-09-06,tu.nm215653@sis.hust.edu.vn,IT-E15
20243555,Lê Việt Huy,2006-12-13,huy.lv243555@sis.hust.edu.vn,IT-EP
20241208,Hồ Huy Sơn,2006-11-16,son.hh241208@sis.hust.edu.vn,IT-E15
20237008,Phạm Minh Tú,2005-03-04,tu.pm237008@sis.hust.edu.vn,IT-E10
20205853,Hồ Xuân Linh,2002-09-05,linh.hx205853@sis.hust.edu.vn,IT-E10
20235361,Trần Ngọc Dũng,2005-05-12,dung.tn235361@sis.hust.edu.vn,IT-E10
20242345,Đặng Ngọc Sơn,2006-12-22,son.dn242345@sis.hust.edu.vn,IT1
20235985,Bùi Quang Linh,2005-12-24,linh.bq235985@sis.hust.edu.vn,IT2
20232456,Trần Thị Anh,2005-09-06,anh.tt232456@sis.hust.edu.vn,IT-E7
20226853,Phạm Xuân Huy,2004-12-11,huy.px226853@sis.hust.edu.vn,IT-E6
20217336,Lê Huy Thảo,2003-06-21,thao.lh217336@sis.hust.edu.vn,IT-E7
20219432,Đặng Anh Anh,2003-05-22,anh.da219432@sis.hust.edu.vn,IT-E7
20224662,Nguyễn Thị Dũng,2004-08-11,dung.nt224662@sis.hust.edu.vn,IT-E7
20241467,Đỗ Việt Nam,2006-03-02,nam.dv241467@sis.hust.edu.vn,IT1
20219853,Đỗ Quang Anh,2003-10-25,anh.dq219853@sis.hust.edu.vn,IT-E6
20208170,Bùi Ngọc Nam,2002-06-01,nam.bn208170@sis.hust.edu.vn,IT-E6
20207821,Bùi Thanh Sơn,2002-10-06,son.bt207821@sis.hust.edu.vn,IT-E7
20242051,Đỗ Văn Huy,2006-10-06,huy.dv242051@sis.hust.edu.vn,IT2
20217567,Lê Huy Anh,2003-02-02,anh.lh217567@sis.hust.edu.vn,IT-E7
20234955,Vũ Văn Hương,2005-02-28,huong.vv234955@sis.hust.edu.vn,IT1
20233560,Lê Ngọc Huy,2005-01-15,huy.ln233560@sis.hust.edu.vn,IT-E7
20244616,Phạm Văn Thảo,2006-04-11,thao.pv244616@sis.hust.edu.vn,IT-E6
20238609,Đỗ Huy Sơn,2005-07-25,son.dh238609@sis.hust.edu.vn,IT1
20243602,Đặng Thị Hương,2006-11-12,huong.dt243602@sis.hust.edu.vn,IT2
20237480,Đặng Xuân Thảo,2005-01-20,thao.dx237480@sis.hust.edu.vn,IT1
20241618,Vũ Minh Huy,2006-09-03,huy.vm241618@sis.hust.edu.vn,IT2
20244110,Hồ Quang Thảo,2006-08-23,thao.hq244110@sis.hust.edu.vn,IT1
20217079,Nguyễn Anh Anh,2003-10-05,anh.na217079@sis.hust.edu.vn,IT2
20235762,Vũ Huy Dũng,2005-07-24,dung.vh235762@sis.hust.edu.vn,IT-E10
20243481,Hồ Việt Huy,2006-02-10,huy.hv243481@sis.hust.edu.vn,IT-EP
20226512,Hồ Thị Sơn,2004-03-17,son.ht226512@sis.hust.edu.vn,IT-E7
20236482,Phạm Thị Trang,2005-01-28,trang.pt236482@sis.hust.edu.vn,IT-E15
20214216,Phạm Anh Thảo,2003-09-01,thao.pa214216@sis.hust.edu.vn,IT-E10
20245138,Đỗ Việt Trang,2006-03-13,trang.dv245138@sis.hust.edu.vn,IT-EP
20248165,Vũ Huy Nam,2006-03-06,nam.vh248165@sis.hust.edu.vn,IT-E15
20246551,Vũ Thị Trang,2006-06-26,trang.vt246551@sis.hust.edu.vn,IT2
20219802,Phạm Minh Anh,2003-02-10,anh.pm219802@sis.hust.edu.vn,IT-E10
20234952,Phạm Thị Nam,2005-03-26,nam.pt234952@sis.hust.edu.vn,IT2
20206410,Bùi Minh Linh,2002-12-17,linh.bm206410@sis.hust.edu.vn,IT-EP
20213694,Bùi Việt Anh,2003-11-28,anh.bv213694@sis.hust.edu.vn,IT-E10
20213531,Hồ Văn Thảo,2003-01-21,thao.hv213531@sis.hust.edu.vn,IT-EP
20207520,Nguyễn Xuân Anh,2002-07-06,anh.nx207520@sis.hust.edu.vn,IT-E10
20225180,Lê Ngọc Thảo,2004-03-04,thao.ln225180@sis.hust.edu.vn,IT1
20229063,Hoàng Xuân Dũng,2004-08-24,dung.hx229063@sis.hust.edu.vn,IT-EP
20223824,Đỗ Ngọc Nam,2004-02-15,nam.dn223824@sis.hust.edu.vn,IT2
20223979,Đỗ Văn Hương,2004-04-04,huong.dv223979@sis.hust.edu.vn,IT2
20211232,Phạm Thanh Hương,2003-08-24,huong.pt211232@sis.hust.edu.vn,IT-E7
20223944,Nguyễn Văn Anh,2004-12-08,anh.nv223944@sis.hust.edu.vn,IT-E6
20212083,Lê Văn Hương,2003-12-07,huong.lv212083@sis.hust.edu.vn,IT1
20241683,Đỗ Xuân Sơn,2006-05-18,son.dx241683@sis.hust.edu.vn,IT-EP
20248879,Nguyễn Việt Sơn,2006-09-01,son.nv248879@sis.hust.edu.vn,IT-E7
20244487,Bùi Ngọc Thảo,2006-02-25,thao.bn244487@sis.hust.edu.vn,IT2
20245182,Vũ Minh Trang,2006-05-12,trang.vm245182@sis.hust.edu.vn,IT1
20201220,Hoàng Huy Nam,2002-06-15,nam.hh201220@sis.hust.edu.vn,IT-EP
20208731,Hoàng Văn Linh,2002-11-16,linh.hv208731@sis.hust.edu.vn,IT1
20237479,Đặng Huy Anh,2005-10-03,anh.dh237479@sis.hust.edu.vn,IT-E15
20247941,Vũ Thanh Tú,2006-08-11,tu.vt247941@sis.hust.edu.vn,IT-E6
20234177,Lê Huy Sơn,2005-11-18,son.lh234177@sis.hust.edu.vn,IT1
20243573,Vũ Thanh Tú,2006-11-05,tu.vt243573@sis.hust.edu.vn,IT2
20218822,Trần Minh Anh,2003-05-23,anh.tm218822@sis.hust.edu.vn,IT1
20233232,Đỗ Anh Sơn,2005-07-07,son.da233232@sis.hust.edu.vn,IT-E6
20225429,Lê Việt Anh,2004-10-14,anh.lv225429@sis.hust.edu.vn,IT1
20245006,Đỗ Anh Anh,2006-05-25,anh.da245006@sis.hust.edu.vn,IT-E15
20217147,Đỗ Văn Nam,2003-12-24,nam.dv217147@sis.hust.edu.vn,IT-E10
20218350,Đỗ Thị Sơn,2003-02-04,son.dt218350@sis.hust.edu.vn,IT-E7
20245885,Hoàng Thị Tú,2006-04-15,tu.ht245885@sis.hust.edu.vn,IT-E15
20239425,Đặng Quang Sơn,2005-03-26,son.dq239425@sis.hust.edu.vn,IT-E6
20243151,Đỗ Văn Tú,2006-11-07,tu.dv243151@sis.hust.edu.vn,IT1
20245583,Nguyễn Xuân Sơn,2006-03-15,son.nx245583@sis.hust.edu.vn,IT-EP
20228367,Trần Thanh Huy,2004-04-18,huy.tt228367@sis.hust.edu.vn,IT-E15
20239479,Đặng Thị Linh,2005-10-23,linh.dt239479@sis.hust.edu.vn,IT-E10
20216708,Trần Quang Dũng,2003-07-24,dung.tq216708@sis.hust.edu.vn,IT-E6
20221977,Hồ Quang Linh,2004-05-11,linh.hq221977@sis.hust.edu.vn,IT-E10
20216647,Hồ Minh Anh,2003-05-12,anh.hm216647@sis.hust.edu.vn,IT-E10
20234003,Hoàng Việt Anh,2005-11-02,anh.hv234003@sis.hust.edu.vn,IT-EP
20207158,Đỗ Huy Tú,2002-11-05,tu.dh207158@sis.hust.edu.vn,IT1
20205209,Đặng Quang Trang,2002-07-17,trang.dq205209@sis.hust.edu.vn,IT-E15
20243055,Lê Việt Linh,2006-02-10,linh.lv243055@sis.hust.edu.vn,IT-EP
20225149,Nguyễn Việt Huy,2004-01-01,huy.nv225149@sis.hust.edu.vn,IT-EP
20211009,Hồ Thanh Trang,2003-04-22,trang.ht211009@sis.hust.edu.vn,IT-E10
20222037,Hoàng Xuân Trang,2004-02-11,trang.hx222037@sis.hust.edu.vn,IT2
20216813,Phạm Ngọc Trang,2003-06-17,trang.pn216813@sis.hust.edu.vn,IT-E6
20246827,Trần Quang Dũng,2006-01-02,dung.tq246827@sis.hust.edu.vn,IT-E15
20203611,Lê Ngọc Linh,2002-12-02,linh.ln203611@sis.hust.edu.vn,IT-E6
20233152,Bùi Thị Tú,2005-09-08,tu.bt233152@sis.hust.edu.vn,IT2
20202923,Hồ Việt Linh,2002-04-05,linh.hv202923@sis.hust.edu.vn,IT2
20211600,Lê Quang Trang,2003-04-06,trang.lq211600@sis.hust.edu.vn,IT2
20209009,Trần Ngọc Tú,2002-11-06,tu.tn209009@sis.hust.edu.vn,IT-E6
20233761,Đỗ Minh Trang,2005-07-04,trang.dm233761@sis.hust.edu.vn,IT2
20249747,Nguyễn Quang Huy,2006-12-10,huy.nq249747@sis.hust.edu.vn,IT-E10
20226734,Hồ Minh Dũng,2004-02-16,dung.hm226734@sis.hust.edu.vn,IT1
20223370,Đặng Ngọc Trang,2004-06-03,trang.dn223370@sis.hust.edu.vn,IT2
20215472,Nguyễn Ngọc Hương,2003-10-06,huong.nn215472@sis.hust.edu.vn,IT2
20208758,Phạm Minh Tú,2002-02-19,tu.pm208758@sis.hust.edu.vn,IT2
20236760,Trần Anh Dũng,2005-10-12,dung.ta236760@sis.hust.edu.vn,IT-EP
20221800,Trần Ngọc Nam,2004-04-03,nam.tn221800@sis.hust.edu.vn,IT2
20248328,Bùi Anh Hương,2006-10-15,huong.ba248328@sis.hust.edu.vn,IT1
20249914,Đặng Minh Thảo,2006-06-18,thao.dm249914@sis.hust.edu.vn,IT2
20203873,Đặng Minh Thảo,2002-10-18,thao.dm203873@sis.hust.edu.vn,IT-EP
20226297,Trần Xuân Linh,2004-10-19,linh.tx226297@sis.hust.edu.vn,IT-EP
20227178,Vũ Văn Linh,2004-03-16,linh.vv227178@sis.hust.edu.vn,IT-E10
20205155,Đỗ Thị Sơn,2002-01-12,son.dt205155@sis.hust.edu.vn,IT-EP
20205466,Đỗ Quang Anh,2002-02-11,anh.dq205466@sis.hust.edu.vn,IT-E6
20234835,Lê Văn Trang,2005-09-06,trang.lv234835@sis.hust.edu.vn,IT-E7
20226285,Phạm Thanh Nam,2004-10-01,nam.pt226285@sis.hust.edu.vn,IT-E7
20211561,Đỗ Xuân Tú,2003-08-19,tu.dx211561@sis.hust.edu.vn,IT-E10
20238435,Trần Thanh Linh,2005-03-03,linh.tt238435@sis.hust.edu.vn,IT2
20244160,Hồ Thanh Nam,2006-02-23,nam.ht244160@sis.hust.edu.vn,IT-E6
20204277,Lê Văn Trang,2002-07-18,trang.lv204277@sis.hust.edu.vn,IT-E6
20203110,Đặng Thị Nam,2002-05-04,nam.dt203110@sis.hust.edu.vn,IT1
20227039,Lê Minh Sơn,2004-03-11,son.lm227039@sis.hust.edu.vn,IT2
20209891,Lê Ngọc Trang,2002-12-25,trang.ln209891@sis.hust.edu.vn,IT1
20213799,Hoàng Thanh Hương,2003-10-03,huong.ht213799@sis.hust.edu.vn,IT2
20214782,Vũ Xuân Hương,2003-07-19,huong.vx214782@sis.hust.edu.vn,IT2
20211404,Đặng Việt Anh,2003-12-15,anh.dv211404@sis.hust.edu.vn,IT-EP
20237473,Hoàng Việt Nam,2005-10-18,nam.hv237473@sis.hust.edu.vn,IT-E6
20222293,Hoàng Văn Anh,2004-11-27,anh.hv222293@sis.hust.edu.vn,IT-E15
20206236,Bùi Minh Anh,2002-12-15,anh.bm206236@sis.hust.edu.vn,IT-E6
20247306,Nguyễn Anh Thảo,2006-11-27,thao.na247306@sis.hust.edu.vn,IT-EP
20231804,Hoàng Việt Huy,2005-10-14,huy.hv231804@sis.hust.edu.vn,IT-E10
20215277,Đỗ Văn Sơn,2003-10-16,son.dv215277@sis.hust.edu.vn,IT-EP
20203009,Đặng Quang Trang,2002-01-02,trang.dq203009@sis.hust.edu.vn,IT-E10
20218139,Hoàng Việt Thảo,2003-05-03,thao.hv218139@sis.hust.edu.vn,IT1
20209081,Bùi Minh Thảo,2002-06-23,thao.bm209081@sis.hust.edu.vn,IT-E15
20211384,Phạm Minh Linh,2003-11-28,linh.pm211384@sis.hust.edu.vn,IT-E6
20238110,Nguyễn Việt Tú,2005-06-15,tu.nv238110@sis.hust.edu.vn,IT-E15
20217033,Trần Anh Nam,2003-06-23,nam.ta217033@sis.hust.edu.vn,IT-E15
20221341,Đỗ Văn Huy,2004-07-05,huy.dv221341@sis.hust.edu.vn,IT-E10
20231196,Hoàng Anh Dũng,2005-01-11,dung.ha231196@sis.hust.edu.vn,IT1
20221390,Nguyễn Xuân Huy,2004-03-09,huy.nx221390@sis.hust.edu.vn,IT-E10
20227409,Vũ Thanh Anh,2004-09-13,anh.vt227409@sis.hust.edu.vn,IT-EP
20204245,Bùi Thị Dũng,2002-03-05,dung.bt204245@sis.hust.edu.vn,IT-E6
20205618,Phạm Thanh Dũng,2002-12-12,dung.pt205618@sis.hust.edu.vn,IT-E10
20212049,Phạm Xuân Anh,2003-10-28,anh.px212049@sis.hust.edu.vn,IT2
20233750,Bùi Ngọc Tú,2005-06-20,tu.bn233750@sis.hust.edu.vn,IT-E6
20209265,Nguyễn Văn Hương,2002-09-12,huong.nv209265@sis.hust.edu.vn,IT-EP
20243098,Phạm Ngọc Hương,2006-04-11,huong.pn243098@sis.hust.edu.vn,IT-EP
20225372,Trần Xuân Nam,2004-06-20,nam.tx225372@sis.hust.edu.vn,IT2
20228335,Đặng Anh Dũng,2004-08-20,dung.da228335@sis.hust.edu.vn,IT-EP
20244417,Trần Thanh Sơn,2006-07-13,son.tt244417@sis.hust.edu.vn,IT-E7
20227700,Đỗ Huy Anh,2004-01-16,anh.dh227700@sis.hust.edu.vn,IT-E6
20243417,Hồ Thanh Linh,2006-10-28,linh.ht243417@sis.hust.edu.vn,IT-E7
20242185,Hoàng Thanh Linh,2006-07-10,linh.ht242185@sis.hust.edu.vn,IT-EP
20233144,Trần Huy Sơn,2005-12-11,son.th233144@sis.hust.edu.vn,IT-E7
20202405,Phạm Huy Thảo,2002-05-27,thao.ph202405@sis.hust.edu.vn,IT1
20211213,Đỗ Xuân Trang,2003-12-14,trang.dx211213@sis.hust.edu.vn,IT2
20229983,Lê Quang Tú,2004-04-07,tu.lq229983@sis.hust.edu.vn,IT2
20211551,Đặng Thị Sơn,2003-11-27,son.dt211551@sis.hust.edu.vn,IT-EP
20202023,Trần Việt Anh,2002-12-23,anh.tv202023@sis.hust.edu.vn,IT-E6
20214895,Bùi Minh Hương,2003-10-09,huong.bm214895@sis.hust.edu.vn,IT-E15
20222960,Hoàng Quang Sơn,2004-09-02,son.hq222960@sis.hust.edu.vn,IT1
20209010,Lê Ngọc Dũng,2002-06-23,dung.ln209010@sis.hust.edu.vn,IT-E6
20247270,Lê Ngọc Linh,2006-03-01,linh.ln247270@sis.hust.edu.vn,IT2
20247863,Lê Văn Trang,2006-06-25,trang.lv247863@sis.hust.edu.vn,IT1
20235343,Đặng Thanh Dũng,2005-11-14,dung.dt235343@sis.hust.edu.vn,IT2
20218970,Nguyễn Thị Linh,2003-03-11,linh.nt218970@sis.hust.edu.vn,IT1
20223492,Trần Quang Trang,2004-01-03,trang.tq223492@sis.hust.edu.vn,IT-E7
20222647,Hoàng Huy Trang,2004-11-14,trang.hh222647@sis.hust.edu.vn,IT-E7
20207402,Trần Xuân Thảo,2002-04-12,thao.tx207402@sis.hust.edu.vn,IT-E7
20241388,Hồ Minh Thảo,2006-02-06,thao.hm241388@sis.hust.edu.vn,IT-EP
20203949,Trần Thị Thảo,2002-03-08,thao.tt203949@sis.hust.edu.vn,IT-E10
20244195,Hoàng Minh Anh,2006-03-16,anh.hm244195@sis.hust.edu.vn,IT1
20206248,Nguyễn Việt Anh,2002-10-24,anh.nv206248@sis.hust.edu.vn,IT-EP
20243709,Lê Việt Sơn,2006-08-16,son.lv243709@sis.hust.edu.vn,IT2
20204171,Trần Xuân Trang,2002-04-02,trang.tx204171@sis.hust.edu.vn,IT-E10
20235711,Lê Thị Hương,2005-10-19,huong.lt235711@sis.hust.edu.vn,IT2
20246130,Trần Thanh Anh,2006-09-20,anh.tt246130@sis.hust.edu.vn,IT1
20243569,Lê Thanh Nam,2006-06-04,nam.lt243569@sis.hust.edu.vn,IT-E15
20236054,Đặng Huy Huy,2005-06-19,huy.dh236054@sis.hust.edu.vn,IT-E7
20201701,Phạm Xuân Linh,2002-11-25,linh.px201701@sis.hust.edu.vn,IT-E7
20233604,Trần Minh Trang,2005-02-08,trang.tm233604@sis.hust.edu.vn,IT-E6
20236896,Nguyễn Anh Huy,2005-10-17,huy.na236896@sis.hust.edu.vn,IT2
20213054,Nguyễn Xuân Nam,2003-11-10,nam.nx213054@sis.hust.edu.vn,IT-E10
20234484,Hồ Quang Huy,2005-01-09,huy.hq234484@sis.hust.edu.vn,IT1
20212825,Vũ Văn Dũng,2003-01-26,dung.vv212825@sis.hust.edu.vn,IT-E15
20229539,Vũ Huy Tú,2004-03-15,tu.vh229539@sis.hust.edu.vn,IT-EP
20229540,Trần Quang Hương,2004-07-08,huong.tq229540@sis.hust.edu.vn,IT2
20242657,Hoàng Văn Hương,2006-12-28,huong.hv242657@sis.hust.edu.vn,IT1
20233044,Phạm Quang Tú,2005-02-25,tu.pq233044@sis.hust.edu.vn,IT-EP
20237664,Phạm Anh Thảo,2005-11-20,thao.pa237664@sis.hust.edu.vn,IT-E10
20247594,Vũ Minh Trang,2006-05-02,trang.vm247594@sis.hust.edu.vn,IT-E15
20218883,Hồ Thanh Sơn,2003-05-22,son.ht218883@sis.hust.edu.vn,IT-E6
20203101,Phạm Thị Sơn,2002-03-22,son.pt203101@sis.hust.edu.vn,IT1
20237508,Bùi Huy Thảo,2005-06-18,thao.bh237508@sis.hust.edu.vn,IT-EP
20243218,Nguyễn Xuân Dũng,2006-07-20,dung.nx243218@sis.hust.edu.vn,IT-E7
20234167,Lê Minh Anh,2005-08-27,anh.lm234167@sis.hust.edu.vn,IT-EP
20247435,Đỗ Việt Linh,2006-11-27,linh.dv247435@sis.hust.edu.vn,IT-E15
20205467,Hồ Anh Hương,2002-08-28,huong.ha205467@sis.hust.edu.vn,IT2
20246347,Đỗ Quang Sơn,2006-08-18,son.dq246347@sis.hust.edu.vn,IT-EP
20209499,Vũ Thanh Hương,2002-02-22,huong.vt209499@sis.hust.edu.vn,IT-EP
20233220,Đỗ Ngọc Dũng,2005-04-26,dung.dn233220@sis.hust.edu.vn,IT-E6
20201892,Hồ Anh Anh,2002-03-22,anh.ha201892@sis.hust.edu.vn,IT-E15
20232058,Đỗ Ngọc Linh,2005-12-11,linh.dn232058@sis.hust.edu.vn,IT1
20213094,Hồ Quang Nam,2003-08-05,nam.hq213094@sis.hust.edu.vn,IT2
20217108,Hồ Xuân Thảo,2003-12-10,thao.hx217108@sis.hust.edu.vn,IT-E10
20213347,Lê Ngọc Thảo,2003-06-12,thao.ln213347@sis.hust.edu.vn,IT1
20227147,Hoàng Việt Sơn,2004-08-14,son.hv227147@sis.hust.edu.vn,IT2
20211152,Vũ Quang Dũng,2003-07-07,dung.vq211152@sis.hust.edu.vn,IT-E6
20207746,Phạm Huy Sơn,2002-06-21,son.ph207746@sis.hust.edu.vn,IT-E7
20232012,Đặng Xuân Tú,2005-11-07,tu.dx232012@sis.hust.edu.vn,IT-E6
20235213,Đặng Ngọc Dũng,2005-05-06,dung.dn235213@sis.hust.edu.vn,IT-E10
20243901,Đặng Ngọc Trang,2006-09-14,trang.dn243901@sis.hust.edu.vn,IT-E15
20207272,Hồ Ngọc Anh,2002-02-05,anh.hn207272@sis.hust.edu.vn,IT2
20238349,Đặng Anh Dũng,2005-05-08,dung.da238349@sis.hust.edu.vn,IT-EP
20239204,Hồ Xuân Anh,2005-02-07,anh.hx239204@sis.hust.edu.vn,IT1
20234732,Nguyễn Minh Sơn,2005-07-13,son.nm234732@sis.hust.edu.vn,IT-E15
20232171,Lê Thị Hương,2005-02-05,huong.lt232171@sis.hust.edu.vn,IT1
20212382,Hoàng Huy Sơn,2003-10-02,son.hh212382@sis.hust.edu.vn,IT1
20222521,Vũ Quang Hương,2004-08-04,huong.vq222521@sis.hust.edu.vn,IT-EP
20227175,Đỗ Thanh Huy,2004-04-17,huy.dt227175@sis.hust.edu.vn,IT-E6
20204815,Hồ Ngọc Thảo,2002-02-22,thao.hn204815@sis.hust.edu.vn,IT2
20248978,Phạm Quang Anh,2006-03-17,anh.pq248978@sis.hust.edu.vn,IT-E7
20204019,Đặng Thanh Hương,2002-05-14,huong.dt204019@sis.hust.edu.vn,IT-E15
20226197,Lê Anh Thảo,2004-03-13,thao.la226197@sis.hust.edu.vn,IT-E6
20223233,Hồ Thanh Nam,2004-02-08,nam.ht223233@sis.hust.edu.vn,IT-EP
20231215,Đặng Thị Linh,2005-01-10,linh.dt231215@sis.hust.edu.vn,IT-E7
20212548,Vũ Ngọc Trang,2003-05-15,trang.vn212548@sis.hust.edu.vn,IT-E10
20221819,Hồ Thanh Trang,2004-08-14,trang.ht221819@sis.hust.edu.vn,IT-E6
20235846,Phạm Văn Sơn,2005-11-26,son.pv235846@sis.hust.edu.vn,IT-E15
20202976,Hoàng Xuân Tú,2002-08-01,tu.hx202976@sis.hust.edu.vn,IT1
20245560,Lê Huy Tú,2006-12-26,tu.lh245560@sis.hust.edu.vn,IT-E15
20204001,Lê Anh Tú,2002-07-21,tu.la204001@sis.hust.edu.vn,IT-E10
20247565,Phạm Ngọc Hương,2006-04-04,huong.pn247565@sis.hust.edu.vn,IT-E7
20233425,Nguyễn Quang Huy,2005-04-10,huy.nq233425@sis.hust.edu.vn,IT-EP
20212692,Phạm Ngọc Thảo,2003-03-26,thao.pn212692@sis.hust.edu.vn,IT-EP
20218821,Nguyễn Anh Sơn,2003-12-05,son.na218821@sis.hust.edu.vn,IT-EP
20211685,Lê Huy Dũng,2003-03-18,dung.lh211685@sis.hust.edu.vn,IT-EP
20207914,Nguyễn Văn Linh,2002-08-25,linh.nv207914@sis.hust.edu.vn,IT-E15
20216000,Hồ Ngọc Nam,2003-05-14,nam.hn216000@sis.hust.edu.vn,IT1
20211913,Hồ Quang Thảo,2003-11-26,thao.hq211913@sis.hust.edu.vn,IT-EP
20204804,Hồ Quang Linh,2002-01-26,linh.hq204804@sis.hust.edu.vn,IT2
20208760,Trần Văn Thảo,2002-01-12,thao.tv208760@sis.hust.edu.vn,IT-E15
20218626,Bùi Ngọc Anh,2003-07-17,anh.bn218626@sis.hust.edu.vn,IT1
20238389,Trần Thị Dũng,2005-04-27,dung.tt238389@sis.hust.edu.vn,IT-E6
20247806,Đỗ Ngọc Nam,2006-01-23,nam.dn247806@sis.hust.edu.vn,IT1
20223290,Nguyễn Thanh Thảo,2004-06-26,thao.nt223290@sis.hust.edu.vn,IT2
20244767,Vũ Anh Trang,2006-12-17,trang.va244767@sis.hust.edu.vn,IT-E7
20243046,Nguyễn Huy Trang,2006-09-20,trang.nh243046@sis.hust.edu.vn,IT-E10
20232989,Lê Thị Huy,2005-10-24,huy.lt232989@sis.hust.edu.vn,IT1
20249019,Phạm Văn Huy,2006-02-04,huy.pv249019@sis.hust.edu.vn,IT1
20209721,Đỗ Huy Dũng,2002-04-08,dung.dh209721@sis.hust.edu.vn,IT-E10
20234630,Bùi Thanh Linh,2005-08-22,linh.bt234630@sis.hust.edu.vn,IT-EP
20237520,Nguyễn Thanh Hương,2005-03-27,huong.nt237520@sis.hust.edu.vn,IT2
20214798,Đỗ Thanh Tú,2003-02-08,tu.dt214798@sis.hust.edu.vn,IT-E7
20227667,Đặng Anh Hương,2004-01-23,huong.da227667@sis.hust.edu.vn,IT-E6
20238883,Hồ Huy Sơn,2005-07-04,son.hh238883@sis.hust.edu.vn,IT-E10
20212578,Hoàng Ngọc Trang,2003-05-18,trang.hn212578@sis.hust.edu.vn,IT1
20208076,Bùi Thanh Tú,2002-02-03,tu.bt208076@sis.hust.edu.vn,IT-E15
20236953,Trần Huy Nam,2005-04-14,nam.th236953@sis.hust.edu.vn,IT2
20236858,Hoàng Xuân Thảo,2005-12-18,thao.hx236858@sis.hust.edu.vn,IT-EP
20227533,Trần Huy Sơn,2004-11-12,son.th227533@sis.hust.edu.vn,IT-E15
20205283,Đặng Huy Anh,2002-04-10,anh.dh205283@sis.hust.edu.vn,IT2
20226810,Đặng Việt Linh,2004-05-10,linh.dv226810@sis.hust.edu.vn,IT2
20247126,Bùi Minh Sơn,2006-12-21,son.bm247126@sis.hust.edu.vn,IT-E7
20209612,Đỗ Việt Trang,2002-08-26,trang.dv209612@sis.hust.edu.vn,IT2
20241350,Phạm Ngọc Trang,2006-07-11,trang.pn241350@sis.hust.edu.vn,IT-E7
20242977,Hoàng Thanh Hương,2006-02-18,huong.ht242977@sis.hust.edu.vn,IT2
20213440,Hồ Anh Thảo,2003-09-06,thao.ha213440@sis.hust.edu.vn,IT-E7
20217708,Lê Thanh Linh,2003-05-27,linh.lt217708@sis.hust.edu.vn,IT-E15
20249810,Lê Việt Nam,2006-01-11,nam.lv249810@sis.hust.edu.vn,IT2
20236377,Hồ Văn Nam,2005-02-10,nam.hv236377@sis.hust.edu.vn,IT-E10
20222295,Vũ Việt Dũng,2004-04-25,dung.vv222295@sis.hust.edu.vn,IT2
20245099,Vũ Xuân Trang,2006-04-28,trang.vx245099@sis.hust.edu.vn,IT-E7
20217844,Lê Anh Thảo,2003-07-23,thao.la217844@sis.hust.edu.vn,IT2
20217326,Hồ Minh Linh,2003-01-13,linh.hm217326@sis.hust.edu.vn,IT-E15
20233265,Hoàng Văn Thảo,2005-01-23,thao.hv233265@sis.hust.edu.vn,IT2
20214116,Bùi Việt Nam,2003-07-11,nam.bv214116@sis.hust.edu.vn,IT-EP
20234733,Phạm Huy Dũng,2005-12-13,dung.ph234733@sis.hust.edu.vn,IT2
20226647,Trần Xuân Dũng,2004-12-05,dung.tx226647@sis.hust.edu.vn,IT2
20236795,Nguyễn Minh Linh,2005-10-03,linh.nm236795@sis.hust.edu.vn,IT1
20205910,Bùi Xuân Dũng,2002-06-26,dung.bx205910@sis.hust.edu.vn,IT1
20225298,Vũ Minh Anh,2004-06-03,anh.vm225298@sis.hust.edu.vn,IT-E6
20208847,Phạm Huy Hương,2002-05-26,huong.ph208847@sis.hust.edu.vn,IT-E7
20207842,Lê Thanh Huy,2002-04-06,huy.lt207842@sis.hust.edu.vn,IT2
20216959,Bùi Thị Linh,2003-01-13,linh.bt216959@sis.hust.edu.vn,IT-E15
20238901,Đặng Văn Linh,2005-10-07,linh.dv238901@sis.hust.edu.vn,IT-E6
20238981,Đặng Ngọc Hương,2005-08-23,huong.dn238981@sis.hust.edu.vn,IT-E7
20239540,Trần Thị Nam,2005-04-26,nam.tt239540@sis.hust.edu.vn,IT-E6
20242178,Vũ Văn Tú,2006-10-12,tu.vv242178@sis.hust.edu.vn,IT-E15
20221639,Bùi Ngọc Anh,2004-03-19,anh.bn221639@sis.hust.edu.vn,IT-E15
20223327,Phạm Xuân Thảo,2004-12-26,thao.px223327@sis.hust.edu.vn,IT-E10
20231053,Nguyễn Xuân Sơn,2005-05-01,son.nx231053@sis.hust.edu.vn,IT-E15
20206705,Hoàng Văn Huy,2002-08-18,huy.hv206705@sis.hust.edu.vn,IT2
20223998,Nguyễn Huy Sơn,2004-03-21,son.nh223998@sis.hust.edu.vn,IT-E10
20204028,Đặng Huy Dũng,2002-10-05,dung.dh204028@sis.hust.edu.vn,IT1
20223189,Phạm Huy Huy,2004-01-25,huy.ph223189@sis.hust.edu.vn,IT-E15
20209635,Đặng Minh Trang,2002-10-21,trang.dm209635@sis.hust.edu.vn,IT2
20247779,Đặng Thị Linh,2006-05-11,linh.dt247779@sis.hust.edu.vn,IT-E7
20231057,Trần Quang Thảo,2005-03-10,thao.tq231057@sis.hust.edu.vn,IT-E10
20216992,Nguyễn Minh Thảo,2003-03-02,thao.nm216992@sis.hust.edu.vn,IT-EP
20244243,Đỗ Xuân Thảo,2006-04-24,thao.dx244243@sis.hust.edu.vn,IT-E6
20231207,Lê Việt Dũng,2005-12-06,dung.lv231207@sis.hust.edu.vn,IT-EP
20249103,Đỗ Thị Sơn,2006-04-16,son.dt249103@sis.hust.edu.vn,IT2
20207550,Vũ Thanh Dũng,2002-10-12,dung.vt207550@sis.hust.edu.vn,IT-E7
20215479,Hồ Văn Hương,2003-12-18,huong.hv215479@sis.hust.edu.vn,IT-E7
20249881,Đặng Minh Dũng,2006-06-05,dung.dm249881@sis.hust.edu.vn,IT-E6
20248067,Hồ Ngọc Nam,2006-03-07,nam.hn248067@sis.hust.edu.vn,IT2
20246952,Đỗ Anh Sơn,2006-09-20,son.da246952@sis.hust.edu.vn,IT2
20226255,Nguyễn Việt Huy,2004-09-18,huy.nv226255@sis.hust.edu.vn,IT-E15
20243319,Hồ Văn Dũng,2006-12-13,dung.hv243319@sis.hust.edu.vn,IT2
20213591,Lê Thị Thảo,2003-07-09,thao.lt213591@sis.hust.edu.vn,IT-E7
20229331,Lê Ngọc Sơn,2004-06-10,son.ln229331@sis.hust.edu.vn,IT-EP
20215723,Đặng Việt Nam,2003-06-09,nam.dv215723@sis.hust.edu.vn,IT-E7
20242187,Vũ Ngọc Anh,2006-02-23,anh.vn242187@sis.hust.edu.vn,IT-E6
20233957,Đặng Anh Linh,2005-07-19,linh.da233957@sis.hust.edu.vn,IT-EP
20247193,Hoàng Thị Trang,2006-03-11,trang.ht247193@sis.hust.edu.vn,IT-E15
20205498,Vũ Việt Linh,2002-07-11,linh.vv205498@sis.hust.edu.vn,IT-EP
20242433,Nguyễn Quang Thảo,2006-04-18,thao.nq242433@sis.hust.edu.vn,IT-E6
20211208,Đỗ Văn Sơn,2003-07-08,son.dv211208@sis.hust.edu.vn,IT-E6
20202148,Hoàng Quang Huy,2002-07-06,huy.hq202148@sis.hust.edu.vn,IT2
20236200,Hồ Văn Thảo,2005-06-02,thao.hv236200@sis.hust.edu.vn,IT-E6
20238797,Trần Quang Sơn,2005-10-13,son.tq238797@sis.hust.edu.vn,IT-EP
20209349,Phạm Việt Dũng,2002-09-18,dung.pv209349@sis.hust.edu.vn,IT-E7
20207111,Lê Việt Trang,2002-09-16,trang.lv207111@sis.hust.edu.vn,IT-E10
20207968,Hoàng Xuân Trang,2002-01-03,trang.hx207968@sis.hust.edu.vn,IT-EP
20222252,Hoàng Thị Sơn,2004-03-03,son.ht222252@sis.hust.edu.vn,IT1
20203210,Bùi Ngọc Thảo,2002-09-11,thao.bn203210@sis.hust.edu.vn,IT-EP
20213031,Nguyễn Ngọc Tú,2003-10-24,tu.nn213031@sis.hust.edu.vn,IT-EP
20208986,Bùi Minh Thảo,2002-07-09,thao.bm208986@sis.hust.edu.vn,IT-E10
20233743,Phạm Việt Dũng,2005-04-07,dung.pv233743@sis.hust.edu.vn,IT-EP
20227151,Hoàng Thanh Trang,2004-06-08,trang.ht227151@sis.hust.edu.vn,IT-E7
20239843,Phạm Xuân Sơn,2005-10-03,son.px239843@sis.hust.edu.vn,IT-EP
20245381,Bùi Việt Nam,2006-11-02,nam.bv245381@sis.hust.edu.vn,IT-EP
20224267,Hoàng Huy Hương,2004-03-12,huong.hh224267@sis.hust.edu.vn,IT-E15
20205481,Đỗ Thị Dũng,2002-07-24,dung.dt205481@sis.hust.edu.vn,IT2
20234297,Hồ Quang Nam,2005-11-16,nam.hq234297@sis.hust.edu.vn,IT-EP
20202455,Đỗ Huy Linh,2002-03-08,linh.dh202455@sis.hust.edu.vn,IT-E15
20233463,Hoàng Thị Trang,2005-07-20,trang.ht233463@sis.hust.edu.vn,IT-E15
20212997,Lê Minh Dũng,2003-11-10,dung.lm212997@sis.hust.edu.vn,IT2
20228293,Đặng Minh Anh,2004-07-22,anh.dm228293@sis.hust.edu.vn,IT-E15
20242824,Hồ Minh Anh,2006-07-20,anh.hm242824@sis.hust.edu.vn,IT-E6
20233499,Lê Minh Dũng,2005-04-19,dung.lm233499@sis.hust.edu.vn,IT-EP
20239493,Lê Thanh Huy,2005-04-23,huy.lt239493@sis.hust.edu.vn,IT-E15
20244438,Trần Ngọc Nam,2006-06-22,nam.tn244438@sis.hust.edu.vn,IT-E10
20245114,Đỗ Anh Huy,2006-08-10,huy.da245114@sis.hust.edu.vn,IT-E7
20239146,Hoàng Minh Thảo,2005-06-03,thao.hm239146@sis.hust.edu.vn,IT-E10
20201785,Nguyễn Xuân Linh,2002-11-03,linh.nx201785@sis.hust.edu.vn,IT-E7
20219803,Phạm Minh Anh,2003-07-05,anh.pm219803@sis.hust.edu.vn,IT2
20208099,Nguyễn Xuân Anh,2002-02-20,anh.nx208099@sis.hust.edu.vn,IT-E7
20238932,Hoàng Thị Tú,2005-12-22,tu.ht238932@sis.hust.edu.vn,IT1
20205391,Hồ Ngọc Linh,2002-03-18,linh.hn205391@sis.hust.edu.vn,IT-E6
20204790,Bùi Việt Hương,2002-07-14,huong.bv204790@sis.hust.edu.vn,IT2
20244691,Vũ Minh Dũng,2006-12-27,dung.vm244691@sis.hust.edu.vn,IT-E7
20226256,Hồ Thanh Thảo,2004-09-20,thao.ht226256@sis.hust.edu.vn,IT-E15
20247473,Hoàng Huy Anh,2006-04-04,anh.hh247473@sis.hust.edu.vn,IT-E6
20241961,Hồ Văn Trang,2006-05-16,trang.hv241961@sis.hust.edu.vn,IT-EP
20201240,Trần Huy Hương,2002-08-18,huong.th201240@sis.hust.edu.vn,IT-E10
20229618,Hoàng Văn Huy,2004-12-20,huy.hv229618@sis.hust.edu.vn,IT2
20233321,Vũ Xuân Anh,2005-12-05,anh.vx233321@sis.hust.edu.vn,IT-E7
20238701,Đặng Huy Linh,2005-02-10,linh.dh238701@sis.hust.edu.vn,IT-E6
20234616,Vũ Huy Anh,2005-02-16,anh.vh234616@sis.hust.edu.vn,IT1
20248412,Hồ Huy Thảo,2006-07-11,thao.hh248412@sis.hust.edu.vn,IT-E6
20235961,Đặng Việt Linh,2005-07-10,linh.dv235961@sis.hust.edu.vn,IT-E15
20208842,Vũ Thị Thảo,2002-07-02,thao.vt208842@sis.hust.edu.vn,IT-E6
20222852,Nguyễn Thanh Huy,2004-02-08,huy.nt222852@sis.hust.edu.vn,IT-E15
20204208,Vũ Việt Hương,2002-04-08,huong.vv204208@sis.hust.edu.vn,IT2
20223424,Bùi Minh Trang,2004-09-23,trang.bm223424@sis.hust.edu.vn,IT-E10
20221156,Trần Thị Nam,2004-10-08,nam.tt221156@sis.hust.edu.vn,IT-E6
20218472,Vũ Ngọc Anh,2003-01-03,anh.vn218472@sis.hust.edu.vn,IT-E15
20216433,Nguyễn Huy Sơn,2003-10-15,son.nh216433@sis.hust.edu.vn,IT2
20212753,Vũ Thanh Anh,2003-06-27,anh.vt212753@sis.hust.edu.vn,IT-E6
20221907,Vũ Xuân Huy,2004-08-20,huy.vx221907@sis.hust.edu.vn,IT-EP
20229850,Trần Minh Anh,2004-04-14,anh.tm229850@sis.hust.edu.vn,IT2
20214102,Vũ Văn Hương,2003-01-23,huong.vv214102@sis.hust.edu.vn,IT-E6
20248282,Hồ Minh Trang,2006-07-11,trang.hm248282@sis.hust.edu.vn,IT-E6
20214244,Hoàng Ngọc Sơn,2003-05-25,son.hn214244@sis.hust.edu.vn,IT-EP
20236279,Bùi Anh Thảo,2005-08-05,thao.ba236279@sis.hust.edu.vn,IT1
20202814,Hoàng Minh Sơn,2002-04-16,son.hm202814@sis.hust.edu.vn,IT2
20221402,Lê Văn Trang,2004-04-22,trang.lv221402@sis.hust.edu.vn,IT-E6
20226223,Hồ Minh Hương,2004-08-27,huong.hm226223@sis.hust.edu.vn,IT1
20206209,Nguyễn Văn Huy,2002-06-19,huy.nv206209@sis.hust.edu.vn,IT-E15
20235805,Đặng Minh Linh,2005-12-15,linh.dm235805@sis.hust.edu.vn,IT-E10
20213702,Đỗ Ngọc Huy,2003-08-05,huy.dn213702@sis.hust.edu.vn,IT-E15
20219533,Đỗ Thị Hương,2003-08-13,huong.dt219533@sis.hust.edu.vn,IT-E6
20246241,Bùi Việt Hương,2006-07-09,huong.bv246241@sis.hust.edu.vn,IT-E7
20234033,Đỗ Việt Linh,2005-10-01,linh.dv234033@sis.hust.edu.vn,IT1
20247343,Lê Quang Huy,2006-08-16,huy.lq247343@sis.hust.edu.vn,IT1
20229649,Đỗ Ngọc Thảo,2004-05-27,thao.dn229649@sis.hust.edu.vn,IT-E10
20227271,Trần Huy Trang,2004-06-08,trang.th227271@sis.hust.edu.vn,IT-E15
20237927,Lê Anh Trang,2005-09-14,trang.la237927@sis.hust.edu.vn,IT-EP
20219892,Hồ Thị Nam,2003-06-27,nam.ht219892@sis.hust.edu.vn,IT-E15
20249242,Trần Văn Thảo,2006-05-06,thao.tv249242@sis.hust.edu.vn,IT-E7
20242650,Bùi Ngọc Hương,2006-10-25,huong.bn242650@sis.hust.edu.vn,IT-E7
20243420,Hoàng Quang Huy,2006-10-06,huy.hq243420@sis.hust.edu.vn,IT-E15
20218669,Bùi Minh Nam,2003-06-17,nam.bm218669@sis.hust.edu.vn,IT-E10
20211181,Bùi Thị Anh,2003-04-24,anh.bt211181@sis.hust.edu.vn,IT-E15
20226711,Trần Quang Dũng,2004-03-26,dung.tq226711@sis.hust.edu.vn,IT-E15
20201023,Hồ Huy Hương,2002-10-20,huong.hh201023@sis.hust.edu.vn,IT-E7
20241180,Phạm Minh Huy,2006-10-17,huy.pm241180@sis.hust.edu.vn,IT-E7
20205521,Vũ Minh Dũng,2002-06-01,dung.vm205521@sis.hust.edu.vn,IT-E10
20239581,Lê Việt Trang,2005-04-14,trang.lv239581@sis.hust.edu.vn,IT2
20208954,Nguyễn Ngọc Dũng,2002-07-04,dung.nn208954@sis.hust.edu.vn,IT-E15
20205431,Vũ Thanh Tú,2002-04-05,tu.vt205431@sis.hust.edu.vn,IT-E7
20224019,Hoàng Anh Linh,2004-01-04,linh.ha224019@sis.hust.edu.vn,IT-E7
20243769,Phạm Huy Anh,2006-01-08,anh.ph243769@sis.hust.edu.vn,IT-E10
20223528,Đặng Minh Trang,2004-05-16,trang.dm223528@sis.hust.edu.vn,IT2
20233055,Nguyễn Minh Huy,2005-02-25,huy.nm233055@sis.hust.edu.vn,IT-E10
20207889,Nguyễn Việt Linh,2002-12-26,linh.nv207889@sis.hust.edu.vn,IT2
20223083,Bùi Xuân Huy,2004-12-12,huy.bx223083@sis.hust.edu.vn,IT-E6
20235469,Vũ Quang Linh,2005-04-20,linh.vq235469@sis.hust.edu.vn,IT1
20236923,Hoàng Xuân Anh,2005-02-19,anh.hx236923@sis.hust.edu.vn,IT-E7
20241720,Lê Việt Linh,2006-12-14,linh.lv241720@sis.hust.edu.vn,IT-E10
20202000,Phạm Thanh Hương,2002-09-10,huong.pt202000@sis.hust.edu.vn,IT-E10
20209841,Nguyễn Xuân Anh,2002-05-03,anh.nx209841@sis.hust.edu.vn,IT-EP
20213125,Đỗ Ngọc Dũng,2003-09-23,dung.dn213125@sis.hust.edu.vn,IT-E15
20245665,Đỗ Anh Hương,2006-12-05,huong.da245665@sis.hust.edu.vn,IT-E10
20239596,Đặng Xuân Thảo,2005-01-20,thao.dx239596@sis.hust.edu.vn,IT1
20208029,Nguyễn Ngọc Hương,2002-08-01,huong.nn208029@sis.hust.edu.vn,IT2
20249669,Vũ Việt Sơn,2006-06-02,son.vv249669@sis.hust.edu.vn,IT1
20209394,Hoàng Minh Anh,2002-06-07,anh.hm209394@sis.hust.edu.vn,IT-E15
20203705,Phạm Minh Linh,2002-01-19,linh.pm203705@sis.hust.edu.vn,IT-E7
20203199,Phạm Xuân Huy,2002-09-22,huy.px203199@sis.hust.edu.vn,IT-EP
20212184,Hồ Minh Nam,2003-11-14,nam.hm212184@sis.hust.edu.vn,IT-E6
20228459,Lê Quang Sơn,2004-04-15,son.lq228459@sis.hust.edu.vn,IT-E10
20201661,Trần Thị Tú,2002-12-18,tu.tt201661@sis.hust.edu.vn,IT1
20203238,Trần Xuân Hương,2002-10-07,huong.tx203238@sis.hust.edu.vn,IT-E10
20234527,Phạm Quang Tú,2005-02-21,tu.pq234527@sis.hust.edu.vn,IT-E15
20234182,Trần Việt Anh,2005-12-05,anh.tv234182@sis.hust.edu.vn,IT-E15
20238258,Phạm Minh Anh,2005-11-28,anh.pm238258@sis.hust.edu.vn,IT-EP
20231755,Hồ Quang Hương,2005-05-04,huong.hq231755@sis.hust.edu.vn,IT-EP
20239334,Phạm Văn Trang,2005-07-23,trang.pv239334@sis.hust.edu.vn,IT1
20229123,Hoàng Xuân Trang,2004-05-10,trang.hx229123@sis.hust.edu.vn,IT-E10
20207770,Đỗ Ngọc Thảo,2002-01-01,thao.dn207770@sis.hust.edu.vn,IT2
20222729,Hoàng Xuân Sơn,2004-02-09,son.hx222729@sis.hust.edu.vn,IT1
20237405,Bùi Thanh Trang,2005-07-22,trang.bt237405@sis.hust.edu.vn,IT-E6
20209752,Đặng Văn Thảo,2002-04-17,thao.dv209752@sis.hust.edu.vn,IT-E10
20222160,Phạm Minh Linh,2004-05-23,linh.pm222160@sis.hust.edu.vn,IT-E15
20216281,Bùi Anh Huy,2003-10-21,huy.ba216281@sis.hust.edu.vn,IT-EP
20226950,Hồ Thanh Huy,2004-06-04,huy.ht226950@sis.hust.edu.vn,IT2
20238312,Lê Anh Anh,2005-09-14,anh.la238312@sis.hust.edu.vn,IT-E7
20235832,Nguyễn Thị Nam,2005-10-25,nam.nt235832@sis.hust.edu.vn,IT-E10
20239080,Hoàng Huy Sơn,2005-11-23,son.hh239080@sis.hust.edu.vn,IT-E15
20215170,Bùi Việt Dũng,2003-09-10,dung.bv215170@sis.hust.edu.vn,IT-E10
20208524,Đỗ Xuân Nam,2002-03-08,nam.dx208524@sis.hust.edu.vn,IT2
20203617,Nguyễn Anh Huy,2002-11-12,huy.na203617@sis.hust.edu.vn,IT-E7
20231266,Nguyễn Minh Huy,2005-04-15,huy.nm231266@sis.hust.edu.vn,IT-E7
20245154,Đỗ Việt Trang,2006-09-23,trang.dv245154@sis.hust.edu.vn,IT-E10
20202012,Hoàng Anh Sơn,2002-04-25,son.ha202012@sis.hust.edu.vn,IT-E6
20209106,Vũ Quang Nam,2002-01-24,nam.vq209106@sis.hust.edu.vn,IT2
20204086,Trần Quang Dũng,2002-02-16,dung.tq204086@sis.hust.edu.vn,IT-E7
20219348,Phạm Văn Tú,2003-09-26,tu.pv219348@sis.hust.edu.vn,IT1
20214761,Đỗ Quang Tú,2003-04-21,tu.dq214761@sis.hust.edu.vn,IT-E15
20236083,Lê Quang Anh,2005-10-25,anh.lq236083@sis.hust.edu.vn,IT-E15
20215326,Hoàng Minh Nam,2003-11-06,nam.hm215326@sis.hust.edu.vn,IT1
20248721,Phạm Huy Thảo,2006-07-04,thao.ph248721@sis.hust.edu.vn,IT-E7
20227723,Lê Ngọc Thảo,2004-08-14,thao.ln227723@sis.hust.edu.vn,IT1
20244914,Hồ Xuân Nam,2006-02-21,nam.hx244914@sis.hust.edu.vn,IT-E7
20243335,Đỗ Huy Thảo,2006-03-23,thao.dh243335@sis.hust.edu.vn,IT-E7
20217997,Đặng Minh Tú,2003-09-06,tu.dm217997@sis.hust.edu.vn,IT-E10
20209232,Trần Ngọc Sơn,2002-06-02,son.tn209232@sis.hust.edu.vn,IT-E10
20245208,Lê Quang Anh,2006-08-10,anh.lq245208@sis.hust.edu.vn,IT-E15
20247388,Vũ Ngọc Tú,2006-11-11,tu.vn247388@sis.hust.edu.vn,IT1
20238499,Hoàng Ngọc Nam,2005-11-14,nam.hn238499@sis.hust.edu.vn,IT-E10
20222871,Hồ Huy Huy,2004-02-14,huy.hh222871@sis.hust.edu.vn,IT-E7
20239199,Bùi Thanh Huy,2005-08-12,huy.bt239199@sis.hust.edu.vn,IT-E15
20213518,Bùi Việt Nam,2003-02-11,nam.bv213518@sis.hust.edu.vn,IT-E6
20208117,Hồ Ngọc Huy,2002-12-14,huy.hn208117@sis.hust.edu.vn,IT-E10
20228057,Phạm Xuân Nam,2004-03-22,nam.px228057@sis.hust.edu.vn,IT-EP
20212519,Phạm Thanh Sơn,2003-05-18,son.pt212519@sis.hust.edu.vn,IT1
20203246,Lê Quang Linh,2002-04-09,linh.lq203246@sis.hust.edu.vn,IT2
20245904,Hồ Thanh Dũng,2006-01-01,dung.ht245904@sis.hust.edu.vn,IT-E10
20227997,Đặng Minh Huy,2004-09-15,huy.dm227997@sis.hust.edu.vn,IT-E6
20225280,Lê Quang Hương,2004-12-12,huong.lq225280@sis.hust.edu.vn,IT-E7
20226152,Hồ Thanh Linh,2004-12-28,linh.ht226152@sis.hust.edu.vn,IT-E6
20201562,Đỗ Việt Hương,2002-09-07,huong.dv201562@sis.hust.edu.vn,IT2
20238696,Trần Anh Tú,2005-03-05,tu.ta238696@sis.hust.edu.vn,IT-E15
20234762,Phạm Xuân Trang,2005-11-07,trang.px234762@sis.hust.edu.vn,IT-EP
20239177,Phạm Minh Thảo,2005-09-11,thao.pm239177@sis.hust.edu.vn,IT-E6
20202223,Phạm Thanh Linh,2002-03-01,linh.pt202223@sis.hust.edu.vn,IT-E7
20209741,Trần Huy Sơn,2002-12-11,son.th209741@sis.hust.edu.vn,IT1
20218924,Hoàng Xuân Huy,2003-04-19,huy.hx218924@sis.hust.edu.vn,IT-E7
20228008,Hồ Huy Sơn,2004-07-09,son.hh228008@sis.hust.edu.vn,IT1
20228609,Phạm Minh Hương,2004-06-05,huong.pm228609@sis.hust.edu.vn,IT2
20202794,Hoàng Việt Dũng,2002-12-14,dung.hv202794@sis.hust.edu.vn,IT-E7
20229211,Phạm Anh Sơn,2004-02-23,son.pa229211@sis.hust.edu.vn,IT-E10
20235512,Đỗ Thanh Dũng,2005-11-14,dung.dt235512@sis.hust.edu.vn,IT2
20234695,Nguyễn Văn Trang,2005-08-25,trang.nv234695@sis.hust.edu.vn,IT-E7
20237514,Phạm Thanh Nam,2005-05-11,nam.pt237514@sis.hust.edu.vn,IT-E6
20221371,Hoàng Văn Sơn,2004-02-05,son.hv221371@sis.hust.edu.vn,IT1
20243542,Đỗ Thanh Sơn,2006-02-28,son.dt243542@sis.hust.edu.vn,IT1
20203565,Hoàng Thanh Sơn,2002-10-24,son.ht203565@sis.hust.edu.vn,IT2
20239496,Hoàng Việt Hương,2005-07-26,huong.hv239496@sis.hust.edu.vn,IT-E6
20229074,Đặng Việt Thảo,2004-07-11,thao.dv229074@sis.hust.edu.vn,IT-E15
20209379,Trần Xuân Tú,2002-02-01,tu.tx209379@sis.hust.edu.vn,IT2
20215123,Trần Ngọc Dũng,2003-01-26,dung.tn215123@sis.hust.edu.vn,IT1
